2.779274699999999854e+01,2.734686500000000109e+01,1.835887999999999920e+01,1.345986699999999914e+01,1.267557299999999998e+01,1.482735800000000026e+01,2.185145400000000038e+01,9.437176499999999635e+01,3.597255599999999731e+01,1.928331800000000129e+01,1.041856290000000058e+02,3.178036000000000172e+01,2.607317700000000116e+01,8.111655700000000024e+01,3.329272699999999929e+01,0.000000000000000000e+00
3.248318481445312500e+01,3.339190292358398438e+01,4.007338333129882812e+01,1.764221000671386719e+01,2.786749601364135742e+00,8.951125144958496094e+00,9.432215881347656250e+01,6.537681579589843750e+01,4.352638626098632812e+01,1.193591079711914062e+02,5.543585586547851562e+01,6.289780807495117188e+01,1.331221771240234375e+02,4.406613159179687500e+01,8.825337219238281250e+01,0.000000000000000000e+00
3.954341125488281250e+01,3.172107696533203125e+01,4.334149932861328125e+01,2.034104919433593750e+01,2.382765531539916992e+00,9.822955131530761719e+00,6.339444351196289062e+01,9.401801300048828125e+01,3.176195907592773438e+01,1.066538619995117188e+02,6.546088409423828125e+01,4.724692153930664062e+01,1.305384979248046875e+02,4.308383178710937500e+01,7.541119384765625000e+01,0.000000000000000000e+00
4.392510604858398438e+01,2.869369125366210938e+01,5.582098007202148438e+01,1.833273315429687500e+01,3.116132020950317383e+00,7.065405845642089844e+00,8.170105743408203125e+01,7.885794067382812500e+01,3.451510238647460938e+01,1.155480804443359375e+02,5.749677276611328125e+01,5.728783035278320312e+01,1.331257171630859375e+02,4.321674728393554688e+01,8.789273071289062500e+01,0.000000000000000000e+00
4.087021636962890625e+01,3.629288482666015625e+01,4.988450622558593750e+01,1.830386161804199219e+01,1.897304058074951172e+00,8.506133079528808594e+00,7.941362762451171875e+01,8.041651916503906250e+01,3.853231811523437500e+01,1.127627182006835938e+02,5.865237808227539062e+01,5.619017791748046875e+01,1.330493469238281250e+02,4.003977966308593750e+01,9.280659484863281250e+01,0.000000000000000000e+00
3.968163299560546875e+01,3.533036804199218750e+01,5.293849945068359375e+01,1.709372711181640625e+01,1.581197619438171387e+00,7.835013866424560547e+00,7.579563140869140625e+01,8.460801696777343750e+01,3.297477722167968750e+01,1.123344802856445312e+02,5.946073532104492188e+01,4.764181518554687500e+01,1.330177307128906250e+02,4.037171936035156250e+01,7.855053710937500000e+01,0.000000000000000000e+00
3.808255004882812500e+01,3.180029487609863281e+01,4.879937744140625000e+01,1.610837745666503906e+01,3.056964635848999023e+00,8.630516052246093750e+00,6.374416351318359375e+01,9.800514984130859375e+01,3.302527618408203125e+01,1.056093521118164062e+02,6.691225433349609375e+01,5.010159301757812500e+01,1.290127716064453125e+02,4.520631408691406250e+01,7.862970733642578125e+01,0.000000000000000000e+00
3.824260330200195312e+01,3.029774665832519531e+01,5.105440139770507812e+01,1.483947849273681641e+01,2.512562990188598633e+00,9.339031219482421875e+00,7.204622650146484375e+01,8.939300537109375000e+01,3.279489135742187500e+01,1.096576461791992188e+02,6.353532409667968750e+01,4.826970672607421875e+01,1.288989868164062500e+02,4.603237533569335938e+01,7.150212860107421875e+01,0.000000000000000000e+00
3.668777465820312500e+01,2.269622230529785156e+01,5.617855453491210938e+01,1.453347110748291016e+01,3.021713972091674805e+00,8.505133628845214844e+00,7.948295593261718750e+01,8.258568572998046875e+01,3.678340911865234375e+01,1.129421920776367188e+02,6.160471725463867188e+01,5.252562332153320312e+01,1.296016540527343750e+02,4.630728530883789062e+01,7.624403381347656250e+01,0.000000000000000000e+00
3.355394363403320312e+01,1.569760131835937500e+01,5.730125427246093750e+01,1.427620220184326172e+01,2.834003448486328125e+00,6.883411407470703125e+00,8.712290954589843750e+01,7.563333129882812500e+01,5.167974472045898438e+01,1.157418365478515625e+02,6.189042282104492188e+01,8.001076507568359375e+01,1.278326034545898438e+02,5.088454055786132812e+01,9.217988586425781250e+01,0.000000000000000000e+00
3.430149459838867188e+01,1.453728103637695312e+01,4.666783905029296875e+01,1.490708255767822266e+01,3.734163761138916016e+00,7.305792808532714844e+00,8.621848297119140625e+01,7.667598724365234375e+01,5.662537765502929688e+01,1.148697128295898438e+02,6.363320159912109375e+01,8.570086669921875000e+01,1.266611862182617188e+02,5.289200592041015625e+01,9.520411682128906250e+01,0.000000000000000000e+00
3.309686279296875000e+01,1.126077842712402344e+01,3.440603637695312500e+01,1.499913597106933594e+01,3.038931369781494141e+00,7.791030883789062500e+00,8.808823394775390625e+01,7.634337615966796875e+01,5.917983245849609375e+01,1.114065780639648438e+02,6.978703308105468750e+01,8.308341979980468750e+01,1.214683837890625000e+02,6.072193527221679688e+01,9.014807128906250000e+01,0.000000000000000000e+00
3.162401962280273438e+01,1.036411476135253906e+01,3.061458206176757812e+01,1.555842018127441406e+01,3.605108976364135742e+00,6.268808841705322266e+00,8.551589202880859375e+01,8.070102691650390625e+01,5.599766159057617188e+01,1.096705856323242188e+02,7.260345458984375000e+01,7.414656829833984375e+01,1.199363861083984375e+02,6.230200576782226562e+01,8.033885192871093750e+01,0.000000000000000000e+00
3.115573501586914062e+01,1.000967216491699219e+01,3.073696708679199219e+01,1.566497516632080078e+01,4.257411479949951172e+00,5.447005271911621094e+00,8.337876129150390625e+01,8.447518920898437500e+01,5.618244552612304688e+01,1.074278335571289062e+02,7.583691406250000000e+01,7.428715515136718750e+01,1.175136108398437500e+02,6.572301483154296875e+01,8.064778900146484375e+01,0.000000000000000000e+00
2.961941719055175781e+01,1.130722904205322266e+01,3.558156967163085938e+01,1.520527935028076172e+01,4.122088909149169922e+00,6.886002540588378906e+00,7.515683746337890625e+01,9.190912628173828125e+01,5.258890914916992188e+01,1.045687942504882812e+02,7.806775665283203125e+01,7.204190063476562500e+01,1.181736145019531250e+02,6.783908843994140625e+01,7.775726318359375000e+01,0.000000000000000000e+00
3.351704788208007812e+01,1.362954330444335938e+01,5.281439971923828125e+01,1.426808357238769531e+01,2.923958539962768555e+00,8.329302787780761719e+00,5.769068145751953125e+01,1.052406311035156250e+02,3.667673873901367188e+01,9.917031860351562500e+01,7.962372589111328125e+01,5.837547302246093750e+01,1.179727401733398438e+02,6.647797393798828125e+01,7.242714691162109375e+01,0.000000000000000000e+00
3.597208023071289062e+01,2.669204139709472656e+01,5.087413406372070312e+01,1.301755142211914062e+01,4.859848976135253906e+00,9.748116493225097656e+00,3.113014411926269531e+01,1.344465332031250000e+02,2.654744911193847656e+01,7.478525543212890625e+01,1.004121246337890625e+02,4.471639251708984375e+01,1.011465530395507812e+02,7.746759796142578125e+01,6.136193466186523438e+01,0.000000000000000000e+00
3.451695632934570312e+01,3.228340530395507812e+01,4.180179977416992188e+01,1.273177433013916016e+01,6.262345790863037109e+00,9.211830139160156250e+00,2.409270477294921875e+01,1.457833709716796875e+02,2.781817626953125000e+01,6.126401901245117188e+01,1.148189163208007812e+02,5.269179916381835938e+01,8.041613006591796875e+01,9.781691741943359375e+01,6.294415283203125000e+01,0.000000000000000000e+00
3.130096054077148438e+01,3.310272216796875000e+01,4.050553894042968750e+01,1.428098487854003906e+01,3.110406637191772461e+00,4.397719860076904297e+00,3.519015121459960938e+01,1.424252777099609375e+02,1.639711952209472656e+01,5.676389312744140625e+01,1.250739822387695312e+02,3.524691009521484375e+01,5.258313369750976562e+01,1.254806900024414062e+02,3.345832824707031250e+01,0.000000000000000000e+00
2.834674644470214844e+01,4.206446456909179688e+01,2.620362472534179688e+01,1.439395999908447266e+01,1.778977155685424805e+00,3.019324541091918945e+00,4.452438735961914062e+01,1.348653411865234375e+02,1.872299194335937500e+01,5.917821502685546875e+01,1.235597076416015625e+02,3.474918746948242188e+01,4.345630264282226562e+01,1.381252288818359375e+02,2.109175491333007812e+01,0.000000000000000000e+00
2.583957481384277344e+01,4.101627349853515625e+01,2.886134719848632812e+01,1.355600547790527344e+01,1.463932275772094727e+00,2.794748783111572266e+00,4.823667144775390625e+01,1.307237854003906250e+02,2.020843124389648438e+01,6.186732101440429688e+01,1.212442550659179688e+02,3.517814636230468750e+01,4.669596862792968750e+01,1.335273284912109375e+02,2.254689407348632812e+01,0.000000000000000000e+00
2.915150642395019531e+01,3.723801040649414062e+01,2.769144630432128906e+01,1.304486846923828125e+01,2.965816020965576172e+00,6.016720294952392578e+00,4.005321884155273438e+01,1.375720520019531250e+02,1.834436035156250000e+01,6.362663269042968750e+01,1.186132431030273438e+02,4.076775741577148438e+01,5.603682327270507812e+01,1.252233810424804688e+02,2.918245697021484375e+01,0.000000000000000000e+00
2.589945602416992188e+01,3.889331054687500000e+01,4.166042327880859375e+01,1.417457103729248047e+01,3.172549486160278320e+00,6.205700397491455078e+00,5.758959579467773438e+01,1.066675262451171875e+02,2.091976928710937500e+01,1.095995025634765625e+02,6.246539688110351562e+01,3.987097167968750000e+01,1.311988372802734375e+02,3.993584442138671875e+01,5.098248291015625000e+01,0.000000000000000000e+00
3.080213928222656250e+01,2.666480255126953125e+01,6.191683578491210938e+01,1.577724075317382812e+01,1.224115371704101562e+00,5.937747955322265625e+00,8.770026397705078125e+01,7.238613891601562500e+01,3.188558769226074219e+01,1.190782623291015625e+02,5.314666366577148438e+01,4.752951812744140625e+01,1.325184020996093750e+02,3.825693893432617188e+01,6.757087707519531250e+01,0.000000000000000000e+00
2.894414901733398438e+01,1.664132690429687500e+01,6.259668350219726562e+01,1.594283866882324219e+01,1.869742393493652344e+00,6.579311847686767578e+00,9.631365203857421875e+01,6.303291320800781250e+01,5.100212478637695312e+01,1.207058639526367188e+02,5.300025939941406250e+01,8.876881408691406250e+01,1.305980224609375000e+02,4.036242294311523438e+01,1.037377319335937500e+02,0.000000000000000000e+00
2.766848182678222656e+01,1.398367118835449219e+01,3.500997161865234375e+01,1.724576187133789062e+01,2.021992444992065430e+00,7.714066982269287109e+00,9.706793212890625000e+01,6.459295654296875000e+01,6.306911468505859375e+01,1.178699798583984375e+02,6.032558059692382812e+01,9.435173034667968750e+01,1.258751144409179688e+02,5.171655654907226562e+01,9.877613830566406250e+01,0.000000000000000000e+00
3.621661758422851562e+01,1.429466056823730469e+01,5.202134323120117188e+01,1.746278381347656250e+01,3.187431812286376953e+00,6.654300689697265625e+00,8.961952972412109375e+01,7.347782897949218750e+01,5.583847045898437500e+01,1.169611892700195312e+02,6.092686080932617188e+01,8.074594879150390625e+01,1.302713623046875000e+02,5.139522933959960938e+01,9.348316955566406250e+01,0.000000000000000000e+00
3.547408294677734375e+01,1.452584838867187500e+01,6.667027282714843750e+01,1.658492851257324219e+01,2.503562211990356445e+00,6.835908412933349609e+00,8.362086486816406250e+01,7.889405822753906250e+01,4.641498184204101562e+01,1.126272888183593750e+02,6.371899795532226562e+01,6.621441650390625000e+01,1.267543182373046875e+02,5.290075683593750000e+01,8.036891174316406250e+01,0.000000000000000000e+00
3.701720046997070312e+01,1.430973148345947266e+01,6.205535125732421875e+01,1.695916175842285156e+01,3.522600173950195312e+00,7.844418048858642578e+00,6.190932083129882812e+01,1.020439834594726562e+02,3.844331359863281250e+01,1.020382690429687500e+02,7.558957672119140625e+01,5.958549880981445312e+01,1.209388046264648438e+02,6.057777023315429688e+01,7.532173919677734375e+01,0.000000000000000000e+00
3.853310012817382812e+01,1.415222263336181641e+01,5.349926757812500000e+01,1.700432205200195312e+01,4.840435504913330078e+00,1.053643894195556641e+01,4.919561004638671875e+01,1.138613739013671875e+02,3.858881378173828125e+01,9.408862304687500000e+01,8.154180145263671875e+01,6.098314285278320312e+01,1.144358901977539062e+02,6.596002960205078125e+01,7.599488830566406250e+01,0.000000000000000000e+00
3.581230545043945312e+01,1.520163440704345703e+01,5.175321960449218750e+01,1.642739486694335938e+01,4.762830734252929688e+00,1.023543453216552734e+01,4.833027648925781250e+01,1.143685379028320312e+02,3.741955184936523438e+01,9.180720520019531250e+01,8.457397460937500000e+01,5.809210968017578125e+01,1.116955947875976562e+02,7.013926696777343750e+01,7.096355438232421875e+01,0.000000000000000000e+00
3.443808746337890625e+01,1.304636764526367188e+01,5.363095474243164062e+01,1.685589981079101562e+01,4.379067897796630859e+00,9.465062141418457031e+00,4.565961837768554688e+01,1.167460937500000000e+02,3.553984451293945312e+01,9.042201995849609375e+01,8.792713928222656250e+01,5.708761978149414062e+01,1.118342666625976562e+02,7.216320800781250000e+01,7.057680511474609375e+01,0.000000000000000000e+00
3.290014266967773438e+01,1.322267627716064453e+01,5.455015945434570312e+01,1.710818099975585938e+01,4.220956325531005859e+00,7.796854496002197266e+00,5.571025085449218750e+01,1.082372970581054688e+02,3.906380081176757812e+01,9.205867767333984375e+01,8.748493194580078125e+01,5.811131668090820312e+01,1.113333892822265625e+02,7.388073730468750000e+01,6.943263244628906250e+01,0.000000000000000000e+00
3.280355834960937500e+01,1.203900051116943359e+01,5.179430007934570312e+01,1.806372642517089844e+01,4.622671127319335938e+00,5.351351737976074219e+00,6.979541015625000000e+01,9.671781158447265625e+01,4.451659011840820312e+01,1.012106933593750000e+02,7.991719055175781250e+01,6.365991592407226562e+01,1.158131103515625000e+02,6.935069274902343750e+01,7.417040252685546875e+01,0.000000000000000000e+00
3.238438034057617188e+01,1.266819381713867188e+01,5.484926605224609375e+01,1.849639892578125000e+01,5.088587760925292969e+00,4.613114356994628906e+00,7.332010650634765625e+01,9.348776245117187500e+01,4.789358139038085938e+01,1.034023284912109375e+02,7.741019439697265625e+01,6.733515930175781250e+01,1.172904357910156250e+02,6.730033111572265625e+01,7.530022430419921875e+01,0.000000000000000000e+00
3.454193115234375000e+01,1.238863658905029297e+01,4.812982559204101562e+01,1.703198623657226562e+01,4.173243045806884766e+00,3.546702861785888672e+00,7.447694396972656250e+01,9.451773071289062500e+01,4.751952362060546875e+01,1.037705001831054688e+02,8.063555145263671875e+01,6.781085968017578125e+01,1.173590927124023438e+02,7.024626922607421875e+01,7.554827117919921875e+01,0.000000000000000000e+00
3.134006500244140625e+01,1.270294857025146484e+01,4.269111251831054688e+01,1.817379951477050781e+01,4.823041439056396484e+00,4.919020652770996094e+00,7.280016326904296875e+01,9.537482452392578125e+01,5.142001342773437500e+01,1.033540802001953125e+02,8.066314697265625000e+01,7.051898956298828125e+01,1.162611083984375000e+02,6.966721343994140625e+01,7.462768554687500000e+01,0.000000000000000000e+00
3.298157882690429688e+01,1.074024391174316406e+01,3.353706359863281250e+01,1.763998603820800781e+01,4.514115810394287109e+00,4.762977600097656250e+00,7.618365478515625000e+01,9.302091979980468750e+01,5.713373565673828125e+01,1.030810394287109375e+02,8.137898254394531250e+01,7.251802825927734375e+01,1.137626571655273438e+02,7.085104370117187500e+01,7.352474212646484375e+01,0.000000000000000000e+00
3.498450088500976562e+01,1.089735603332519531e+01,2.625277709960937500e+01,1.853669548034667969e+01,5.863167762756347656e+00,3.525067329406738281e+00,7.723846435546875000e+01,8.908252716064453125e+01,4.994802093505859375e+01,1.052131271362304688e+02,7.847115325927734375e+01,6.451068878173828125e+01,1.140410003662109375e+02,6.980747222900390625e+01,6.880851745605468750e+01,0.000000000000000000e+00
3.714670181274414062e+01,1.083374595642089844e+01,1.777573204040527344e+01,1.650992774963378906e+01,3.237045764923095703e+00,2.620246171951293945e+00,8.059632873535156250e+01,8.671729278564453125e+01,5.105256271362304688e+01,1.051355285644531250e+02,7.771318054199218750e+01,6.390708923339843750e+01,1.141354217529296875e+02,6.881047058105468750e+01,7.139891815185546875e+01,0.000000000000000000e+00
3.991556167602539062e+01,1.160387516021728516e+01,2.128418922424316406e+01,2.105361938476562500e+01,5.212519645690917969e+00,4.976321220397949219e+00,7.985494232177734375e+01,8.485852813720703125e+01,5.088693237304687500e+01,1.076865005493164062e+02,7.556302642822265625e+01,6.993464660644531250e+01,1.190329132080078125e+02,6.735120391845703125e+01,8.043737030029296875e+01,0.000000000000000000e+00
4.322460174560546875e+01,1.527114677429199219e+01,2.843440628051757812e+01,2.352775382995605469e+01,4.880948543548583984e+00,5.333384990692138672e+00,7.554981231689453125e+01,8.708684539794921875e+01,4.592138290405273438e+01,1.069068832397460938e+02,7.565372467041015625e+01,6.687720489501953125e+01,1.225798873901367188e+02,6.691618347167968750e+01,8.295509338378906250e+01,0.000000000000000000e+00
3.810082626342773438e+01,1.670906829833984375e+01,3.697644424438476562e+01,2.629957389831542969e+01,4.432415962219238281e+00,6.557472229003906250e+00,6.936475372314453125e+01,9.052267456054687500e+01,4.351351928710937500e+01,1.046180267333984375e+02,7.627780151367187500e+01,6.810839843750000000e+01,1.214577331542968750e+02,6.717987060546875000e+01,8.275337982177734375e+01,0.000000000000000000e+00
4.054725646972656250e+01,2.911021614074707031e+01,3.735630416870117188e+01,2.646558952331542969e+01,4.796109199523925781e+00,9.720045089721679688e+00,5.554829025268554688e+01,1.003935317993164062e+02,4.034891510009765625e+01,9.611155700683593750e+01,8.020970153808593750e+01,6.665580749511718750e+01,1.177356719970703125e+02,6.744760131835937500e+01,8.426296234130859375e+01,0.000000000000000000e+00
3.484056472778320312e+01,4.391402053833007812e+01,4.181004714965820312e+01,3.176729011535644531e+01,5.353108406066894531e+00,1.301221179962158203e+01,3.220977401733398438e+01,1.333618774414062500e+02,3.296676635742187500e+01,6.725950622558593750e+01,1.073416824340820312e+02,5.627809524536132812e+01,9.898614501953125000e+01,7.943814849853515625e+01,7.388136291503906250e+01,0.000000000000000000e+00
2.786103248596191406e+01,5.072122955322265625e+01,3.787169647216796875e+01,3.122055435180664062e+01,6.027543067932128906e+00,1.182534599304199219e+01,2.942724418640136719e+01,1.490340118408203125e+02,2.502577018737792969e+01,4.805557632446289062e+01,1.319267120361328125e+02,4.665881729125976562e+01,6.436655426025390625e+01,1.182463684082031250e+02,5.534326553344726562e+01,0.000000000000000000e+00
2.978090858459472656e+01,5.119645690917968750e+01,3.510662460327148438e+01,2.835515975952148438e+01,8.639307022094726562e+00,1.052547168731689453e+01,3.464688491821289062e+01,1.505169982910156250e+02,1.967513656616210938e+01,5.004631423950195312e+01,1.337949981689453125e+02,3.991922378540039062e+01,6.384290313720703125e+01,1.218300476074218750e+02,4.546270370483398438e+01,0.000000000000000000e+00
3.077502250671386719e+01,5.025272369384765625e+01,3.900765609741210938e+01,2.571958160400390625e+01,5.697166442871093750e+00,1.173761177062988281e+01,3.765835952758789062e+01,1.474603576660156250e+02,2.534911727905273438e+01,5.076983642578125000e+01,1.346216430664062500e+02,4.679909515380859375e+01,6.477235412597656250e+01,1.205887069702148438e+02,4.775147628784179688e+01,0.000000000000000000e+00
2.586892890930175781e+01,5.324594497680664062e+01,3.739879608154296875e+01,2.104145050048828125e+01,5.395415782928466797e+00,1.189784526824951172e+01,3.821323776245117188e+01,1.483408050537109375e+02,2.457985877990722656e+01,5.217472457885742188e+01,1.347102050781250000e+02,4.390723800659179688e+01,5.831523132324218750e+01,1.267914199829101562e+02,4.057548904418945312e+01,0.000000000000000000e+00
2.319011688232421875e+01,4.972524642944335938e+01,4.841934204101562500e+01,1.903130722045898438e+01,5.148700714111328125e+00,1.080302143096923828e+01,3.550479125976562500e+01,1.312910919189453125e+02,2.680747604370117188e+01,6.744793701171875000e+01,1.071490554809570312e+02,4.491079711914062500e+01,8.853544616699218750e+01,8.815060424804687500e+01,4.866577529907226562e+01,0.000000000000000000e+00
2.868245315551757812e+01,3.278237533569335938e+01,5.212507629394531250e+01,1.582875633239746094e+01,3.138969182968139648e+00,1.468302726745605469e+01,6.708267211914062500e+01,8.762437438964843750e+01,4.223548889160156250e+01,1.011194152832031250e+02,7.556858825683593750e+01,6.572634887695312500e+01,1.243947372436523438e+02,6.046276473999023438e+01,9.155454254150390625e+01,0.000000000000000000e+00
2.798390007019042969e+01,1.585607051849365234e+01,5.002392196655273438e+01,1.499036121368408203e+01,5.168814182281494141e+00,1.350036239624023438e+01,7.584421539306640625e+01,8.286885070800781250e+01,6.204242706298828125e+01,1.012360534667968750e+02,8.452347564697265625e+01,7.007730102539062500e+01,1.150275802612304688e+02,7.837605285644531250e+01,7.670945739746093750e+01,0.000000000000000000e+00
2.996678352355957031e+01,1.229666614532470703e+01,2.028048896789550781e+01,1.707265090942382812e+01,9.380363464355468750e+00,9.622763633728027344e+00,8.678540039062500000e+01,7.243434143066406250e+01,6.171624755859375000e+01,9.844087982177734375e+01,8.995394134521484375e+01,5.693344879150390625e+01,1.014097976684570312e+02,9.041661834716796875e+01,5.875158691406250000e+01,0.000000000000000000e+00
2.771673583984375000e+01,1.589299106597900391e+01,5.485608577728271484e+00,1.809511184692382812e+01,6.257310867309570312e+00,9.306250572204589844e+00,8.942662811279296875e+01,6.768066406250000000e+01,6.753083038330078125e+01,1.004192504882812500e+02,8.721786499023437500e+01,6.271275711059570312e+01,1.016516342163085938e+02,8.857335662841796875e+01,6.197180175781250000e+01,0.000000000000000000e+00
2.681134223937988281e+01,1.394393730163574219e+01,4.129795074462890625e+01,1.991153526306152344e+01,4.298347473144531250e+00,8.969539642333984375e+00,9.590737915039062500e+01,6.162925338745117188e+01,7.095540618896484375e+01,1.070694503784179688e+02,7.959395599365234375e+01,7.226749420166015625e+01,1.101772613525390625e+02,7.602845001220703125e+01,7.890518188476562500e+01,0.000000000000000000e+00
2.470565986633300781e+01,2.137748527526855469e+01,7.900856018066406250e+01,2.211445808410644531e+01,3.682851552963256836e+00,7.464799880981445312e+00,1.105274658203125000e+02,4.625381851196289062e+01,9.854705047607421875e+01,1.211869201660156250e+02,5.461888504028320312e+01,1.172099838256835938e+02,1.232185897827148438e+02,4.006114578247070312e+01,1.307767486572265625e+02,0.000000000000000000e+00
1.813434982299804688e+01,2.369914627075195312e+01,7.984816741943359375e+01,2.691757965087890625e+01,3.094210386276245117e+00,6.325346469879150391e+00,1.151916275024414062e+02,2.907155227661132812e+01,9.019238281250000000e+01,1.263523025512695312e+02,3.759475326538085938e+01,1.313763427734375000e+02,1.269251785278320312e+02,2.545083236694335938e+01,1.372300872802734375e+02,0.000000000000000000e+00
1.384962272644042969e+01,1.999999237060546875e+01,7.915837860107421875e+01,2.766450881958007812e+01,5.351540565490722656e+00,4.127509117126464844e+00,1.273367538452148438e+02,1.988014984130859375e+01,1.058438949584960938e+02,1.351818237304687500e+02,5.162844085693359375e+01,1.129208374023437500e+02,1.318665313720703125e+02,3.402929687500000000e+01,1.119658126831054688e+02,0.000000000000000000e+00
1.366660308837890625e+01,2.138439750671386719e+01,7.877770996093750000e+01,2.974723434448242188e+01,9.338644027709960938e+00,4.426664352416992188e+00,1.315759277343750000e+02,1.424225234985351562e+01,1.535662689208984375e+02,1.363142242431640625e+02,6.909234619140625000e+01,8.982053375244140625e+01,1.293452148437500000e+02,4.335999298095703125e+01,1.053377761840820312e+02,0.000000000000000000e+00
1.135105705261230469e+01,3.028779983520507812e+01,7.773798370361328125e+01,2.817757225036621094e+01,9.719300270080566406e+00,4.088273525238037109e+00,1.310088806152343750e+02,1.059391117095947266e+01,1.506815185546875000e+02,1.349887237548828125e+02,9.466096496582031250e+01,7.039423370361328125e+01,1.260989151000976562e+02,6.133402252197265625e+01,1.015327682495117188e+02,0.000000000000000000e+00
1.185292434692382812e+01,5.584012603759765625e+01,6.649894714355468750e+01,2.895276260375976562e+01,8.003388404846191406e+00,1.743788242340087891e+00,1.375033416748046875e+02,1.070070743560791016e+01,6.053579330444335938e+00,1.426567687988281250e+02,3.730444717407226562e+01,1.186926879882812500e+02,1.368643035888671875e+02,2.704765892028808594e+01,1.214983901977539062e+02,0.000000000000000000e+00
1.503523540496826172e+01,1.094727249145507812e+02,2.262434005737304688e+01,2.715478897094726562e+01,6.303294658660888672e+00,1.850433111190795898e+00,1.281894836425781250e+02,2.587369537353515625e+01,8.269346237182617188e+00,1.408708343505859375e+02,2.767949485778808594e+01,1.227811717987060547e+01,1.408594818115234375e+02,2.495786094665527344e+01,1.558974456787109375e+01,0.000000000000000000e+00
1.205265045166015625e+01,1.126689453125000000e+02,2.303934478759765625e+01,2.881761169433593750e+01,5.963536262512207031e+00,2.945054292678833008e+00,1.082858123779296875e+02,5.066014480590820312e+01,9.345685958862304688e+00,1.282653045654296875e+02,4.102536773681640625e+01,1.773053932189941406e+01,1.303713989257812500e+02,3.556841659545898438e+01,2.191321945190429688e+01,0.000000000000000000e+00
2.019480323791503906e+01,1.154880676269531250e+02,2.375526237487792969e+01,3.058858108520507812e+01,7.438612461090087891e+00,4.138857841491699219e+00,7.724208068847656250e+01,8.870412445068359375e+01,1.306004905700683594e+01,1.040234909057617188e+02,7.076277160644531250e+01,2.063961219787597656e+01,1.132095947265625000e+02,5.677548599243164062e+01,2.445611763000488281e+01,0.000000000000000000e+00
2.207579421997070312e+01,1.180079269409179688e+02,2.119391059875488281e+01,3.033759498596191406e+01,8.893050193786621094e+00,2.952709197998046875e+00,1.024190750122070312e+02,6.430994415283203125e+01,1.407690811157226562e+01,1.221209259033203125e+02,5.488674163818359375e+01,2.457189178466796875e+01,1.253698272705078125e+02,4.391204071044921875e+01,2.718902206420898438e+01,0.000000000000000000e+00
2.539522933959960938e+01,1.179459457397460938e+02,1.537374496459960938e+01,3.078124427795410156e+01,9.491166114807128906e+00,3.883897066116333008e+00,1.099745559692382812e+02,5.765402603149414062e+01,1.913413238525390625e+01,1.286604003906250000e+02,5.050303649902343750e+01,3.825706863403320312e+01,1.292695465087890625e+02,4.250122070312500000e+01,3.417059707641601562e+01,0.000000000000000000e+00
2.452321624755859375e+01,1.160183410644531250e+02,1.999707603454589844e+01,2.800558471679687500e+01,9.091711044311523438e+00,3.540242433547973633e+00,1.179810256958007812e+02,5.293955612182617188e+01,2.514222717285156250e+01,1.327425689697265625e+02,5.039870834350585938e+01,4.848210525512695312e+01,1.315683135986328125e+02,4.607287979125976562e+01,3.680780029296875000e+01,0.000000000000000000e+00
2.436292076110839844e+01,1.060983200073242188e+02,1.709243011474609375e+01,2.537506675720214844e+01,6.996882438659667969e+00,4.338592529296875000e+00,8.865754699707031250e+01,7.655635833740234375e+01,2.113058280944824219e+01,1.044419097900390625e+02,7.315304565429687500e+01,3.933821105957031250e+01,1.090845260620117188e+02,6.387279129028320312e+01,3.714878845214843750e+01,0.000000000000000000e+00
1.573752975463867188e+01,1.024255676269531250e+02,2.928549194335937500e+01,2.206912231445312500e+01,1.904047966003417969e+00,4.395628929138183594e+00,7.022196960449218750e+01,8.863160705566406250e+01,1.246324443817138672e+01,9.919689178466796875e+01,6.994827270507812500e+01,1.823101043701171875e+01,1.090090408325195312e+02,5.814476013183593750e+01,2.217927932739257812e+01,0.000000000000000000e+00
1.703348731994628906e+01,1.053300628662109375e+02,2.709312438964843750e+01,1.868568992614746094e+01,2.844552040100097656e+00,3.037091016769409180e+00,1.097415771484375000e+02,4.828727340698242188e+01,9.488422393798828125e+00,1.267485427856445312e+02,4.404671859741210938e+01,1.827349281311035156e+01,1.296527557373046875e+02,3.777450561523437500e+01,2.360499191284179688e+01,0.000000000000000000e+00
9.501363754272460938e+00,5.462937927246093750e+01,7.482417297363281250e+01,1.802633285522460938e+01,2.832456588745117188e+00,2.025005578994750977e+00,1.343843383789062500e+02,1.605021667480468750e+01,1.258084392547607422e+01,1.424602813720703125e+02,2.179804611206054688e+01,4.220944976806640625e+01,1.406984863281250000e+02,1.909735298156738281e+01,7.192478179931640625e+01,0.000000000000000000e+00
1.090877151489257812e+01,2.154296684265136719e+01,8.389695739746093750e+01,1.914220428466796875e+01,1.845422506332397461e+00,5.475423812866210938e+00,1.312479858398437500e+02,1.509329414367675781e+01,1.776889038085937500e+01,1.349442749023437500e+02,2.886371803283691406e+01,7.250446319580078125e+01,1.315691528320312500e+02,2.694540405273437500e+01,7.117070770263671875e+01,0.000000000000000000e+00
1.350936412811279297e+01,2.032418060302734375e+01,8.411174011230468750e+01,1.743331336975097656e+01,6.666317939758300781e+00,4.907039165496826172e+00,1.292146911621093750e+02,1.983408546447753906e+01,1.240067291259765625e+02,1.322238311767578125e+02,6.074975967407226562e+01,1.069904479980468750e+02,1.248406219482421875e+02,4.296546936035156250e+01,1.069346313476562500e+02,0.000000000000000000e+00
1.225135993957519531e+01,1.871223640441894531e+01,8.922148132324218750e+01,1.664920806884765625e+01,7.704895973205566406e+00,3.616531610488891602e+00,1.261154937744140625e+02,3.007345771789550781e+01,1.127708892822265625e+02,1.313967437744140625e+02,7.219357299804687500e+01,1.065882034301757812e+02,1.255371856689453125e+02,4.945013809204101562e+01,1.165132293701171875e+02,0.000000000000000000e+00
1.065363788604736328e+01,2.968725395202636719e+01,8.814912414550781250e+01,1.522773551940917969e+01,1.232660007476806641e+01,3.077271461486816406e+00,1.228822937011718750e+02,4.662190628051757812e+01,1.038759460449218750e+02,1.274366531372070312e+02,1.092804412841796875e+02,7.159020996093750000e+01,1.200946578979492188e+02,7.199755859375000000e+01,9.783287048339843750e+01,0.000000000000000000e+00
1.417318439483642578e+01,3.238007736206054688e+01,8.380944824218750000e+01,1.455379104614257812e+01,1.446427822113037109e+01,3.280784368515014648e+00,1.149666976928710938e+02,5.828165054321289062e+01,9.906462860107421875e+01,1.190118942260742188e+02,1.089311828613281250e+02,6.993897247314453125e+01,1.110551223754882812e+02,7.390209960937500000e+01,9.523199462890625000e+01,0.000000000000000000e+00
1.564622020721435547e+01,3.336326980590820312e+01,7.745619201660156250e+01,1.462719726562500000e+01,1.562230968475341797e+01,3.148290157318115234e+00,1.094912567138671875e+02,6.331565475463867188e+01,9.638265228271484375e+01,1.132957763671875000e+02,1.069134063720703125e+02,6.989878845214843750e+01,1.045224151611328125e+02,8.667105102539062500e+01,8.326811981201171875e+01,0.000000000000000000e+00
1.702328872680664062e+01,2.666886138916015625e+01,7.423821258544921875e+01,1.730634498596191406e+01,1.337114429473876953e+01,1.011637091636657715e+00,1.041190872192382812e+02,7.705979156494140625e+01,8.220193481445312500e+01,1.081132507324218750e+02,1.194601898193359375e+02,5.652288818359375000e+01,1.017521743774414062e+02,1.203004531860351562e+02,4.948529815673828125e+01,0.000000000000000000e+00
1.840861320495605469e+01,2.978549575805664062e+01,6.590525817871093750e+01,1.631769943237304688e+01,1.718789100646972656e+01,7.900099277496337891e+00,9.756665802001953125e+01,1.023360671997070312e+02,6.629483795166015625e+01,9.982676696777343750e+01,1.347738037109375000e+02,4.230696487426757812e+01,9.321646881103515625e+01,1.356370086669921875e+02,3.449795913696289062e+01,0.000000000000000000e+00
1.581789970397949219e+01,2.579332733154296875e+01,1.837726593017578125e+01,1.631471443176269531e+01,1.591562557220458984e+01,2.597075462341308594e+00,9.063180541992187500e+01,6.809585571289062500e+01,7.506434631347656250e+01,9.284180450439453125e+01,1.253291320800781250e+02,4.563149261474609375e+01,8.548101043701171875e+01,1.283211212158203125e+02,4.377100753784179688e+01,0.000000000000000000e+00
1.508119487762451172e+01,2.645685958862304688e+01,3.408841323852539062e+01,1.709977149963378906e+01,7.885836601257324219e+00,1.520330429077148438e+00,9.530094146728515625e+01,8.843993377685546875e+01,6.444556427001953125e+01,1.010454940795898438e+02,1.308412628173828125e+02,4.463923263549804688e+01,9.618582916259765625e+01,1.268786392211914062e+02,4.457611846923828125e+01,0.000000000000000000e+00
1.339992332458496094e+01,3.183765029907226562e+01,7.177356719970703125e+01,1.322463417053222656e+01,4.604039192199707031e+00,2.444115400314331055e+00,1.033029098510742188e+02,6.872746276855468750e+01,8.210694122314453125e+01,1.117785186767578125e+02,1.271441879272460938e+02,5.524739456176757812e+01,1.083270263671875000e+02,6.291542816162109375e+01,1.057169647216796875e+02,0.000000000000000000e+00
1.248523616790771484e+01,6.617194366455078125e+01,6.627671051025390625e+01,1.040541458129882812e+01,3.493550539016723633e+00,3.248769521713256836e+00,1.297633209228515625e+02,1.852285385131835938e+01,3.830109786987304688e+01,1.419233398437500000e+02,2.129688072204589844e+01,1.504644165039062500e+02,1.420694122314453125e+02,2.004088592529296875e+01,9.852141571044921875e+01,0.000000000000000000e+00
2.330731391906738281e+01,8.270314788818359375e+01,3.029516029357910156e+01,1.263464069366455078e+01,2.748485088348388672e+00,9.830413818359375000e+00,9.401947784423828125e+01,5.562084960937500000e+01,1.808748817443847656e+01,1.296024932861328125e+02,3.582120895385742188e+01,3.059677886962890625e+01,1.399876556396484375e+02,2.688474273681640625e+01,3.834854888916015625e+01,0.000000000000000000e+00
2.672349929809570312e+01,8.326226043701171875e+01,2.287682723999023438e+01,1.146087074279785156e+01,2.922568321228027344e+00,1.061968421936035156e+01,9.448404693603515625e+01,5.368076705932617188e+01,1.829413795471191406e+01,1.303820800781250000e+02,3.569810104370117188e+01,4.684952926635742188e+01,1.389457702636718750e+02,2.732645797729492188e+01,5.422726440429687500e+01,0.000000000000000000e+00
3.213597106933593750e+01,7.107554626464843750e+01,1.929431343078613281e+01,1.255141258239746094e+01,9.524741172790527344e-01,1.136722469329833984e+01,7.579164123535156250e+01,7.756996154785156250e+01,1.753436470031738281e+01,1.156291885375976562e+02,5.640896606445312500e+01,3.988507461547851562e+01,1.333944396972656250e+02,3.663094329833984375e+01,4.858640670776367188e+01,0.000000000000000000e+00
3.772491455078125000e+01,5.671587371826171875e+01,2.565878295898437500e+01,1.170322799682617188e+01,1.321352601051330566e+00,7.569664955139160156e+00,6.334188461303710938e+01,1.053043899536132812e+02,2.553234100341796875e+01,7.553665924072265625e+01,1.043803176879882812e+02,3.504803848266601562e+01,6.963226318359375000e+01,1.083481521606445312e+02,2.238163948059082031e+01,0.000000000000000000e+00
3.923574447631835938e+01,4.792842864990234375e+01,2.624423217773437500e+01,1.345204162597656250e+01,2.638360500335693359e+00,5.232816696166992188e+00,5.225146102905273438e+01,1.216905746459960938e+02,2.247203063964843750e+01,6.477671051025390625e+01,1.169691009521484375e+02,3.802959442138671875e+01,4.980329132080078125e+01,1.302294311523437500e+02,2.409866142272949219e+01,0.000000000000000000e+00
3.967115020751953125e+01,4.115589141845703125e+01,4.152711105346679688e+01,1.211653614044189453e+01,3.553809642791748047e+00,8.454294204711914062e+00,4.494147109985351562e+01,1.307814941406250000e+02,1.409281635284423828e+01,6.137456893920898438e+01,1.190274963378906250e+02,3.629445266723632812e+01,6.892015075683593750e+01,1.060312576293945312e+02,4.045910644531250000e+01,0.000000000000000000e+00
3.912642669677734375e+01,3.888919448852539062e+01,4.251868820190429688e+01,1.067689132690429688e+01,4.821765899658203125e+00,6.715398788452148438e+00,4.117914199829101562e+01,1.337557830810546875e+02,1.582139396667480469e+01,7.167649841308593750e+01,1.065075225830078125e+02,4.539933395385742188e+01,7.845963287353515625e+01,9.728304290771484375e+01,5.305764770507812500e+01,0.000000000000000000e+00
3.766643905639648438e+01,3.768000030517578125e+01,4.321315383911132812e+01,9.530301094055175781e+00,4.906283855438232422e+00,9.737491607666015625e+00,3.662542343139648438e+01,1.328825988769531250e+02,1.781014823913574219e+01,6.976540374755859375e+01,1.043391494750976562e+02,3.653224182128906250e+01,8.666131591796875000e+01,8.601155853271484375e+01,4.273193359375000000e+01,0.000000000000000000e+00
3.682648849487304688e+01,3.592153930664062500e+01,4.512144088745117188e+01,8.061118125915527344e+00,5.672563076019287109e+00,1.163626575469970703e+01,2.924719047546386719e+01,1.388278961181640625e+02,2.547080421447753906e+01,6.849414062500000000e+01,1.050331878662109375e+02,4.953277587890625000e+01,8.874154663085937500e+01,8.642753601074218750e+01,5.928026580810546875e+01,0.000000000000000000e+00
3.045345115661621094e+01,3.354505920410156250e+01,4.705602264404296875e+01,9.471946716308593750e+00,6.164938449859619141e+00,9.678026199340820312e+00,2.803697395324707031e+01,1.372027587890625000e+02,2.944068145751953125e+01,6.722469329833984375e+01,1.075044555664062500e+02,4.675054550170898438e+01,9.395582580566406250e+01,8.512303924560546875e+01,6.037327194213867188e+01,0.000000000000000000e+00
3.167933273315429688e+01,2.962907218933105469e+01,4.562895202636718750e+01,1.046882343292236328e+01,7.630618095397949219e+00,1.007395839691162109e+01,2.736301803588867188e+01,1.362909545898437500e+02,3.117865943908691406e+01,6.561425781250000000e+01,1.096880722045898438e+02,4.839504241943359375e+01,9.444278717041015625e+01,8.712755584716796875e+01,5.997610855102539062e+01,0.000000000000000000e+00
3.154604911804199219e+01,3.489249038696289062e+01,4.876573944091796875e+01,1.045327758789062500e+01,4.909769058227539062e+00,9.753045082092285156e+00,2.486294746398925781e+01,1.404974670410156250e+02,2.667586898803710938e+01,5.641015243530273438e+01,1.171039962768554688e+02,4.373646163940429688e+01,8.543179321289062500e+01,9.347866821289062500e+01,5.710907363891601562e+01,0.000000000000000000e+00
3.283465957641601562e+01,3.528250503540039062e+01,4.611231613159179688e+01,1.040900897979736328e+01,5.072590827941894531e+00,1.203814506530761719e+01,2.527696037292480469e+01,1.470489349365234375e+02,2.983795547485351562e+01,4.732308578491210938e+01,1.283497772216796875e+02,4.863193893432617188e+01,7.102281951904296875e+01,1.070970840454101562e+02,6.037469482421875000e+01,0.000000000000000000e+00
2.892629814147949219e+01,3.746968841552734375e+01,4.017329788208007812e+01,1.105007743835449219e+01,4.850249767303466797e+00,1.056549835205078125e+01,2.705038833618164062e+01,1.436464691162109375e+02,2.769578361511230469e+01,4.880395126342773438e+01,1.262629928588867188e+02,4.687659454345703125e+01,6.792324829101562500e+01,1.082302780151367188e+02,5.728909683227539062e+01,0.000000000000000000e+00
3.213867187500000000e+01,3.624831008911132812e+01,5.451845550537109375e+01,9.155678749084472656e+00,6.226696491241455078e+00,1.029152965545654297e+01,2.888265991210937500e+01,1.388923492431640625e+02,2.599062538146972656e+01,7.033982086181640625e+01,1.029534835815429688e+02,4.550866699218750000e+01,9.231983947753906250e+01,8.046983337402343750e+01,5.080745697021484375e+01,0.000000000000000000e+00
2.939666366577148438e+01,3.834906005859375000e+01,4.705672073364257812e+01,1.102487564086914062e+01,3.848294019699096680e+00,7.617885589599609375e+00,6.899088287353515625e+01,9.446620941162109375e+01,2.569342994689941406e+01,1.096198654174804688e+02,6.205908966064453125e+01,4.202756118774414062e+01,1.261962051391601562e+02,4.316451263427734375e+01,5.358739852905273438e+01,0.000000000000000000e+00
2.862004661560058594e+01,3.347278594970703125e+01,5.986917495727539062e+01,1.056423854827880859e+01,2.573193311691284180e+00,3.815050363540649414e+00,1.067375411987304688e+02,5.404207611083984375e+01,2.788913536071777344e+01,1.284775848388671875e+02,4.280599594116210938e+01,4.963986968994140625e+01,1.371654205322265625e+02,3.455954360961914062e+01,6.452924346923828125e+01,0.000000000000000000e+00
3.040847587585449219e+01,3.801156234741210938e+01,6.086505508422851562e+01,1.047256088256835938e+01,1.436779737472534180e+00,4.261262893676757812e+00,1.062747268676757812e+02,5.490755462646484375e+01,2.143402099609375000e+01,1.264416351318359375e+02,4.391975021362304688e+01,3.000267219543457031e+01,1.368898773193359375e+02,3.193582916259765625e+01,3.151786994934082031e+01,0.000000000000000000e+00
2.865660858154296875e+01,3.584450149536132812e+01,6.711054992675781250e+01,1.174813270568847656e+01,1.055939197540283203e+00,2.616543531417846680e+00,1.108372879028320312e+02,4.853037261962890625e+01,2.214480400085449219e+01,1.324680938720703125e+02,3.621539688110351562e+01,2.870921516418457031e+01,1.402807617187500000e+02,2.936387062072753906e+01,3.118611717224121094e+01,0.000000000000000000e+00
2.945262908935546875e+01,3.184652519226074219e+01,6.567713928222656250e+01,1.268574619293212891e+01,1.825303673744201660e+00,2.658096790313720703e+00,1.153657836914062500e+02,4.419258880615234375e+01,2.709256744384765625e+01,1.324844055175781250e+02,3.688975143432617188e+01,4.587601470947265625e+01,1.390392608642578125e+02,3.228776931762695312e+01,6.758079528808593750e+01,0.000000000000000000e+00
3.079251670837402344e+01,2.670019912719726562e+01,6.799360656738281250e+01,1.241217422485351562e+01,2.364677429199218750e+00,3.183129787445068359e+00,1.138670349121093750e+02,4.591272735595703125e+01,3.464175033569335938e+01,1.296651916503906250e+02,4.252611541748046875e+01,6.473703765869140625e+01,1.364249572753906250e+02,3.873157882690429688e+01,8.910661315917968750e+01,0.000000000000000000e+00
3.341962814331054688e+01,2.673000526428222656e+01,6.682786560058593750e+01,1.278893661499023438e+01,2.592334270477294922e+00,4.112618446350097656e+00,1.133436813354492188e+02,4.535138702392578125e+01,4.052507019042968750e+01,1.287979431152343750e+02,4.297827148437500000e+01,7.189632415771484375e+01,1.353243865966796875e+02,3.952333450317382812e+01,9.688294982910156250e+01,0.000000000000000000e+00
3.380450820922851562e+01,2.826414489746093750e+01,6.072259521484375000e+01,1.232121467590332031e+01,2.879683494567871094e+00,3.856253862380981445e+00,1.119502868652343750e+02,4.695550918579101562e+01,3.825546264648437500e+01,1.283957519531250000e+02,4.550350189208984375e+01,6.644622039794921875e+01,1.352017211914062500e+02,4.117772293090820312e+01,8.880471038818359375e+01,0.000000000000000000e+00
3.467618560791015625e+01,2.538356971740722656e+01,4.799101638793945312e+01,1.218215370178222656e+01,2.630019903182983398e+00,4.696181297302246094e+00,1.110549468994140625e+02,4.807870483398437500e+01,4.275254821777343750e+01,1.274110412597656250e+02,4.841060638427734375e+01,7.149309539794921875e+01,1.345731201171875000e+02,4.242846679687500000e+01,9.189701080322265625e+01,0.000000000000000000e+00
3.625430297851562500e+01,2.280763435363769531e+01,4.681602859497070312e+01,1.239576339721679688e+01,2.215864181518554688e+00,6.658910274505615234e+00,1.076980056762695312e+02,5.159646606445312500e+01,4.866074752807617188e+01,1.252160415649414062e+02,5.043336868286132812e+01,7.916519927978515625e+01,1.327567596435546875e+02,4.364243698120117188e+01,9.980338287353515625e+01,0.000000000000000000e+00
3.909910583496093750e+01,2.249536323547363281e+01,4.665184783935546875e+01,1.292313003540039062e+01,2.801804780960083008e+00,7.500528812408447266e+00,1.047967529296875000e+02,5.475662994384765625e+01,5.303055953979492188e+01,1.236495971679687500e+02,5.316834259033203125e+01,8.068105316162109375e+01,1.321331176757812500e+02,4.615359115600585938e+01,9.854100036621093750e+01,0.000000000000000000e+00
4.040784835815429688e+01,2.043728256225585938e+01,5.836619186401367188e+01,1.348075580596923828e+01,2.515662431716918945e+00,7.179204940795898438e+00,1.005423355102539062e+02,5.870802307128906250e+01,4.867277908325195312e+01,1.225459365844726562e+02,5.233721923828125000e+01,7.284487152099609375e+01,1.326209411621093750e+02,4.490728759765625000e+01,9.447908020019531250e+01,0.000000000000000000e+00
3.660705184936523438e+01,2.978807258605957031e+01,5.559095764160156250e+01,1.224761199951171875e+01,3.419944047927856445e+00,4.092757225036621094e+00,1.071724395751953125e+02,5.037216186523437500e+01,3.182980918884277344e+01,1.268925323486328125e+02,4.434544754028320312e+01,4.914453887939453125e+01,1.360468597412109375e+02,3.898672866821289062e+01,7.542268371582031250e+01,0.000000000000000000e+00
3.874284744262695312e+01,2.976980400085449219e+01,5.858863067626953125e+01,1.223258876800537109e+01,3.503473281860351562e+00,4.272912502288818359e+00,1.065513229370117188e+02,5.067076873779296875e+01,3.108856391906738281e+01,1.268115158081054688e+02,4.355258560180664062e+01,4.742902755737304688e+01,1.363862915039062500e+02,3.677830505371093750e+01,7.146992492675781250e+01,0.000000000000000000e+00
3.549483871459960938e+01,3.492064285278320312e+01,5.754839324951171875e+01,1.155147552490234375e+01,2.591373920440673828e+00,4.242514133453369141e+00,1.089282379150390625e+02,4.925555038452148438e+01,3.066289710998535156e+01,1.265190887451171875e+02,4.395336151123046875e+01,4.406129837036132812e+01,1.354678802490234375e+02,3.717668533325195312e+01,6.459111022949218750e+01,0.000000000000000000e+00
3.665961074829101562e+01,3.699019622802734375e+01,6.298379135131835938e+01,1.184375762939453125e+01,2.672606945037841797e+00,4.832496643066406250e+00,1.073651504516601562e+02,5.064229583740234375e+01,3.298402023315429688e+01,1.260864181518554688e+02,4.380335235595703125e+01,4.657973098754882812e+01,1.361885070800781250e+02,3.663085556030273438e+01,7.251988983154296875e+01,0.000000000000000000e+00
3.765021133422851562e+01,3.472848510742187500e+01,6.873998260498046875e+01,1.273096847534179688e+01,3.168098211288452148e+00,4.765630245208740234e+00,1.043580093383789062e+02,5.300867843627929688e+01,3.124452972412109375e+01,1.241683425903320312e+02,4.509017181396484375e+01,3.972529983520507812e+01,1.360613403320312500e+02,3.675029373168945312e+01,5.954627609252929688e+01,0.000000000000000000e+00
3.670027542114257812e+01,3.201726913452148438e+01,6.539717864990234375e+01,1.311423873901367188e+01,3.827812671661376953e+00,5.828024864196777344e+00,1.057710723876953125e+02,5.281143569946289062e+01,4.223730850219726562e+01,1.249210739135742188e+02,4.668405532836914062e+01,6.635530090332031250e+01,1.353279418945312500e+02,4.102777862548828125e+01,9.206730651855468750e+01,0.000000000000000000e+00
4.119607162475585938e+01,3.097772598266601562e+01,6.436531066894531250e+01,1.295377540588378906e+01,3.338190317153930664e+00,6.946332931518554688e+00,1.055694427490234375e+02,5.386727142333984375e+01,4.780635452270507812e+01,1.239609298706054688e+02,4.916840744018554688e+01,6.911824035644531250e+01,1.348081817626953125e+02,4.208526229858398438e+01,9.645372772216796875e+01,0.000000000000000000e+00
4.464220809936523438e+01,2.750602912902832031e+01,6.260020065307617188e+01,1.293583106994628906e+01,4.233230590820312500e+00,7.206289768218994141e+00,1.017249450683593750e+02,5.705395507812500000e+01,4.637392807006835938e+01,1.217156143188476562e+02,5.143570327758789062e+01,6.566950988769531250e+01,1.332759552001953125e+02,4.190423202514648438e+01,9.082762145996093750e+01,0.000000000000000000e+00
4.265049743652343750e+01,2.841419792175292969e+01,6.733074188232421875e+01,1.301086997985839844e+01,2.689907073974609375e+00,7.632909297943115234e+00,1.009729843139648438e+02,5.681270980834960938e+01,4.625836563110351562e+01,1.213795623779296875e+02,5.018480682373046875e+01,6.767428588867187500e+01,1.330887145996093750e+02,4.150718307495117188e+01,9.412995147705078125e+01,0.000000000000000000e+00
4.146397781372070312e+01,2.341498947143554688e+01,6.310211181640625000e+01,1.288066577911376953e+01,4.127906799316406250e+00,7.810108661651611328e+00,1.023139419555664062e+02,5.769248962402343750e+01,5.149214935302734375e+01,1.210327072143554688e+02,5.425878143310546875e+01,6.928949737548828125e+01,1.316734466552734375e+02,4.586806106567382812e+01,8.956114196777343750e+01,0.000000000000000000e+00
4.122151947021484375e+01,2.212926483154296875e+01,5.627321243286132812e+01,1.271869373321533203e+01,4.564090251922607422e+00,8.435428619384765625e+00,1.051028518676757812e+02,5.677967834472656250e+01,5.761027908325195312e+01,1.218613586425781250e+02,5.553507232666015625e+01,7.525946044921875000e+01,1.317992858886718750e+02,4.673595428466796875e+01,9.208023834228515625e+01,0.000000000000000000e+00
4.020228195190429688e+01,2.186765480041503906e+01,5.674139404296875000e+01,1.400779342651367188e+01,5.475674152374267578e+00,8.173333168029785156e+00,1.011293334960937500e+02,5.874800872802734375e+01,5.534085083007812500e+01,1.201387634277343750e+02,5.561959075927734375e+01,7.235051727294921875e+01,1.313294982910156250e+02,4.573686981201171875e+01,9.208943939208984375e+01,0.000000000000000000e+00
3.690059280395507812e+01,2.489963531494140625e+01,4.488618469238281250e+01,1.507116413116455078e+01,5.879199504852294922e+00,8.682558059692382812e+00,1.008548660278320312e+02,5.648373031616210938e+01,5.562175369262695312e+01,1.197868423461914062e+02,5.488542556762695312e+01,7.797577667236328125e+01,1.300698699951171875e+02,4.515617752075195312e+01,9.972281646728515625e+01,0.000000000000000000e+00
3.747748184204101562e+01,2.319194221496582031e+01,5.305501937866210938e+01,1.578544139862060547e+01,6.179613113403320312e+00,9.009206771850585938e+00,9.834343719482421875e+01,6.037617111206054688e+01,5.852629470825195312e+01,1.188474655151367188e+02,5.700955581665039062e+01,7.940435791015625000e+01,1.306358337402343750e+02,4.893868637084960938e+01,9.912035369873046875e+01,0.000000000000000000e+00
3.791362380981445312e+01,2.395209884643554688e+01,6.506534576416015625e+01,1.556209659576416016e+01,5.351375102996826172e+00,7.753355026245117188e+00,9.866960144042968750e+01,6.026060485839843750e+01,5.848097610473632812e+01,1.180778579711914062e+02,5.773038101196289062e+01,7.683236694335937500e+01,1.297093353271484375e+02,4.920351028442382812e+01,9.675632476806640625e+01,0.000000000000000000e+00
3.440232467651367188e+01,2.528170013427734375e+01,6.792841339111328125e+01,1.510489273071289062e+01,4.627656459808349609e+00,7.683986663818359375e+00,1.002745132446289062e+02,6.029698944091796875e+01,6.283097457885742188e+01,1.183204879760742188e+02,6.052701568603515625e+01,8.193464660644531250e+01,1.289678802490234375e+02,5.428794479370117188e+01,9.586129760742187500e+01,0.000000000000000000e+00
3.297250366210937500e+01,2.438975906372070312e+01,6.966455078125000000e+01,1.462700653076171875e+01,5.078689575195312500e+00,7.153177261352539062e+00,9.826568603515625000e+01,6.084797286987304688e+01,5.962211227416992188e+01,1.170691986083984375e+02,6.089508819580078125e+01,7.889257812500000000e+01,1.274101333618164062e+02,5.452434921264648438e+01,9.409935760498046875e+01,0.000000000000000000e+00
3.716131210327148438e+01,2.401977729797363281e+01,7.043367004394531250e+01,1.413606071472167969e+01,2.439260482788085938e+00,8.482904434204101562e+00,9.285666656494140625e+01,6.586270904541015625e+01,5.474559402465820312e+01,1.162719039916992188e+02,6.291454696655273438e+01,7.656349182128906250e+01,1.279920806884765625e+02,5.811540222167968750e+01,9.147753143310546875e+01,0.000000000000000000e+00
3.511182785034179688e+01,2.031554222106933594e+01,7.077367401123046875e+01,1.477806377410888672e+01,3.337509155273437500e+00,7.233500003814697266e+00,9.857838439941406250e+01,6.455530548095703125e+01,5.765813064575195312e+01,1.180205230712890625e+02,6.378521347045898438e+01,7.563562774658203125e+01,1.293835449218750000e+02,5.968186187744140625e+01,9.228125762939453125e+01,0.000000000000000000e+00
3.826138687133789062e+01,1.914787101745605469e+01,7.619894409179687500e+01,1.383507633209228516e+01,3.441131114959716797e+00,7.154652595520019531e+00,1.015519104003906250e+02,6.219577407836914062e+01,5.667509460449218750e+01,1.202685928344726562e+02,5.980815124511718750e+01,7.703586578369140625e+01,1.307305755615234375e+02,5.665627288818359375e+01,9.389925384521484375e+01,0.000000000000000000e+00
3.588908004760742188e+01,2.377583885192871094e+01,7.282050323486328125e+01,1.340367126464843750e+01,2.154585599899291992e+00,8.009284019470214844e+00,1.056183090209960938e+02,5.696035385131835938e+01,5.311660766601562500e+01,1.227557449340820312e+02,5.609701156616210938e+01,7.300006103515625000e+01,1.327334289550781250e+02,5.141094207763671875e+01,9.388923645019531250e+01,0.000000000000000000e+00
3.696306228637695312e+01,2.234757804870605469e+01,7.010337066650390625e+01,1.345623493194580078e+01,2.153613328933715820e+00,7.883524894714355469e+00,1.022857818603515625e+02,6.101197052001953125e+01,5.344301986694335938e+01,1.209577331542968750e+02,5.962458038330078125e+01,7.208504486083984375e+01,1.318531646728515625e+02,5.424345016479492188e+01,9.160227203369140625e+01,0.000000000000000000e+00
3.742491912841796875e+01,2.056103897094726562e+01,7.044213867187500000e+01,1.430924129486083984e+01,2.706983804702758789e+00,9.422132492065429688e+00,9.853527069091796875e+01,6.384788894653320312e+01,5.455752944946289062e+01,1.193503341674804688e+02,6.116537094116210938e+01,7.420579528808593750e+01,1.310964965820312500e+02,5.507390213012695312e+01,9.403060150146484375e+01,0.000000000000000000e+00
3.366658782958984375e+01,2.072798156738281250e+01,6.793086242675781250e+01,1.443014240264892578e+01,2.691965341567993164e+00,8.937618255615234375e+00,9.809574890136718750e+01,6.529379272460937500e+01,5.481261062622070312e+01,1.187235717773437500e+02,6.333206558227539062e+01,7.220389556884765625e+01,1.301596679687500000e+02,5.822565078735351562e+01,8.835492706298828125e+01,0.000000000000000000e+00
3.556041336059570312e+01,1.792020797729492188e+01,6.692179870605468750e+01,1.590971279144287109e+01,4.134903430938720703e+00,8.868398666381835938e+00,9.734786224365234375e+01,6.932601165771484375e+01,5.660448455810546875e+01,1.183892745971679688e+02,6.671241760253906250e+01,7.325774383544921875e+01,1.312473754882812500e+02,5.995700073242187500e+01,8.944605255126953125e+01,0.000000000000000000e+00
4.039535140991210938e+01,1.664591026306152344e+01,6.719381713867187500e+01,1.581814861297607422e+01,4.521196365356445312e+00,1.047110271453857422e+01,9.595925903320312500e+01,7.187619781494140625e+01,6.159367370605468750e+01,1.169745559692382812e+02,6.837166595458984375e+01,7.766658782958984375e+01,1.296098480224609375e+02,6.199523544311523438e+01,9.006408691406250000e+01,0.000000000000000000e+00
3.738433456420898438e+01,1.710972785949707031e+01,6.364155197143554688e+01,1.620790100097656250e+01,4.253920555114746094e+00,9.482437133789062500e+00,9.636801147460937500e+01,6.992821502685546875e+01,5.708676910400390625e+01,1.178179244995117188e+02,6.711595153808593750e+01,7.439247894287109375e+01,1.302261657714843750e+02,6.118370056152343750e+01,8.823929595947265625e+01,0.000000000000000000e+00
3.736452865600585938e+01,1.718749809265136719e+01,6.823374176025390625e+01,1.639982604980468750e+01,4.773884773254394531e+00,9.309908866882324219e+00,9.431780242919921875e+01,7.200437927246093750e+01,5.736962509155273438e+01,1.164611358642578125e+02,6.821391296386718750e+01,7.469985198974609375e+01,1.302168884277343750e+02,6.102855682373046875e+01,8.918503570556640625e+01,0.000000000000000000e+00
3.346145629882812500e+01,1.671143913269042969e+01,6.897417449951171875e+01,1.706795692443847656e+01,4.375834941864013672e+00,9.347617149353027344e+00,9.638191986083984375e+01,6.991016387939453125e+01,6.179131317138671875e+01,1.171717834472656250e+02,6.817837524414062500e+01,7.636525726318359375e+01,1.297679138183593750e+02,6.196230697631835938e+01,8.879584503173828125e+01,0.000000000000000000e+00
3.209305953979492188e+01,1.800798034667968750e+01,6.815151214599609375e+01,1.604939079284667969e+01,3.532765865325927734e+00,9.375890731811523438e+00,9.668343353271484375e+01,6.936320495605468750e+01,6.222166061401367188e+01,1.169383773803710938e+02,6.942648315429687500e+01,7.556385040283203125e+01,1.293128967285156250e+02,6.349562835693359375e+01,8.746416473388671875e+01,0.000000000000000000e+00
3.212730407714843750e+01,1.846091842651367188e+01,6.633457946777343750e+01,1.548104572296142578e+01,3.671455860137939453e+00,9.201906204223632812e+00,9.459358215332031250e+01,6.867681884765625000e+01,6.191397857666015625e+01,1.152551269531250000e+02,6.830764007568359375e+01,7.569414520263671875e+01,1.272823104858398438e+02,6.256281280517578125e+01,8.830680084228515625e+01,0.000000000000000000e+00
3.075300979614257812e+01,1.839306640625000000e+01,6.804421234130859375e+01,1.619811439514160156e+01,3.763599872589111328e+00,8.693259239196777344e+00,9.342105102539062500e+01,7.091365814208984375e+01,6.221507644653320312e+01,1.140912628173828125e+02,7.071264648437500000e+01,7.433599853515625000e+01,1.257637710571289062e+02,6.583134460449218750e+01,8.525009918212890625e+01,0.000000000000000000e+00
3.136750984191894531e+01,1.777672958374023438e+01,7.105841827392578125e+01,1.610271072387695312e+01,3.536871671676635742e+00,8.750164031982421875e+00,9.471862030029296875e+01,6.772673034667968750e+01,6.240311050415039062e+01,1.143324584960937500e+02,6.779340362548828125e+01,7.495830535888671875e+01,1.259596939086914062e+02,6.347946166992187500e+01,8.638317108154296875e+01,0.000000000000000000e+00
3.149593162536621094e+01,1.638829994201660156e+01,6.693475341796875000e+01,1.721597862243652344e+01,3.768028497695922852e+00,8.737869262695312500e+00,9.476652526855468750e+01,6.923143768310546875e+01,6.371008300781250000e+01,1.140706634521484375e+02,7.040108489990234375e+01,7.579276275634765625e+01,1.257566680908203125e+02,6.580909729003906250e+01,8.662438964843750000e+01,0.000000000000000000e+00
3.519318008422851562e+01,1.876101112365722656e+01,6.718101501464843750e+01,1.571465873718261719e+01,3.497201681137084961e+00,9.764788627624511719e+00,1.008398208618164062e+02,6.122410202026367188e+01,6.856571197509765625e+01,1.156747207641601562e+02,6.571278381347656250e+01,8.116000366210937500e+01,1.260410308837890625e+02,6.294060897827148438e+01,8.941318511962890625e+01,0.000000000000000000e+00
3.670238494873046875e+01,2.188207626342773438e+01,6.957037353515625000e+01,1.448556327819824219e+01,2.182295799255371094e+00,8.567813873291015625e+00,1.030782699584960938e+02,6.063882446289062500e+01,6.477320098876953125e+01,1.192480087280273438e+02,6.363325881958007812e+01,7.943229675292968750e+01,1.296800842285156250e+02,5.775971221923828125e+01,9.170365905761718750e+01,0.000000000000000000e+00
2.758714866638183594e+01,2.505610084533691406e+01,6.764368438720703125e+01,1.636457061767578125e+01,1.988728165626525879e+00,5.125576972961425781e+00,1.086820373535156250e+02,5.115090179443359375e+01,5.614985656738281250e+01,1.226629257202148438e+02,5.768262100219726562e+01,8.096378326416015625e+01,1.294137725830078125e+02,5.639500427246093750e+01,9.294053649902343750e+01,0.000000000000000000e+00
3.186843109130859375e+01,2.173782157897949219e+01,7.186881256103515625e+01,1.433753395080566406e+01,1.702069878578186035e+00,3.054725408554077148e+00,1.132366943359375000e+02,4.999708557128906250e+01,5.964211273193359375e+01,1.257784729003906250e+02,5.549471664428710938e+01,8.474400329589843750e+01,1.303661041259765625e+02,5.184363937377929688e+01,9.459305572509765625e+01,0.000000000000000000e+00
2.787253379821777344e+01,3.579536437988281250e+01,7.458490753173828125e+01,9.552774429321289062e+00,7.713450193405151367e-01,4.773460865020751953e+00,1.271109771728515625e+02,3.638183975219726562e+01,5.543439483642578125e+01,1.383276672363281250e+02,3.724795150756835938e+01,1.054152069091796875e+02,1.404605102539062500e+02,2.793541526794433594e+01,1.025231933593750000e+02,0.000000000000000000e+00
3.094011878967285156e+01,4.848786926269531250e+01,6.989286041259765625e+01,1.177441787719726562e+01,4.873870372772216797e+00,3.024024486541748047e+00,1.275604095458984375e+02,2.910399246215820312e+01,2.359860229492187500e+01,1.402158813476562500e+02,2.635863685607910156e+01,4.064696884155273438e+01,1.445336761474609375e+02,2.152776336669921875e+01,5.959869384765625000e+01,0.000000000000000000e+00
3.503897476196289062e+01,5.066749954223632812e+01,6.408667755126953125e+01,1.104812145233154297e+01,2.651484251022338867e+00,4.830903053283691406e+00,1.192862014770507812e+02,3.751581192016601562e+01,2.003741645812988281e+01,1.362969665527343750e+02,3.059148979187011719e+01,3.331464767456054688e+01,1.433119049072265625e+02,2.315571594238281250e+01,5.616766357421875000e+01,0.000000000000000000e+00
3.583097076416015625e+01,5.244911575317382812e+01,5.593934249877929688e+01,8.690908432006835938e+00,5.375531911849975586e-01,5.363507270812988281e+00,1.217423400878906250e+02,3.654458236694335938e+01,2.095191574096679688e+01,1.381644592285156250e+02,3.006934356689453125e+01,3.420278930664062500e+01,1.441129760742187500e+02,2.260275077819824219e+01,5.400915908813476562e+01,0.000000000000000000e+00
2.907346916198730469e+01,6.230635452270507812e+01,4.480933380126953125e+01,1.207046031951904297e+01,1.074060201644897461e+00,3.193527698516845703e+00,1.154510650634765625e+02,4.383757781982421875e+01,1.050105571746826172e+01,1.344724884033203125e+02,3.727701187133789062e+01,2.206445693969726562e+01,1.415808105468750000e+02,2.918916702270507812e+01,2.668830871582031250e+01,0.000000000000000000e+00
3.321783828735351562e+01,6.874659729003906250e+01,3.502528381347656250e+01,9.542857170104980469e+00,3.090225160121917725e-01,3.878950119018554688e+00,1.238386001586914062e+02,3.467111968994140625e+01,9.553118705749511719e+00,1.399208374023437500e+02,2.967422103881835938e+01,2.012597846984863281e+01,1.444991455078125000e+02,2.255497550964355469e+01,2.650321769714355469e+01,0.000000000000000000e+00
2.907051849365234375e+01,7.301999664306640625e+01,3.057724380493164062e+01,1.256033229827880859e+01,6.001642942428588867e-01,4.306733131408691406e+00,7.587470245361328125e+01,8.355606079101562500e+01,1.390734481811523438e+01,1.165174179077148438e+02,5.398988342285156250e+01,1.948848724365234375e+01,1.347627716064453125e+02,3.311886978149414062e+01,2.423448371887207031e+01,0.000000000000000000e+00
2.798848915100097656e+01,7.353491973876953125e+01,3.075853157043457031e+01,1.229258537292480469e+01,6.156213879585266113e-01,4.047978878021240234e+00,7.205263519287109375e+01,8.696063232421875000e+01,1.394287586212158203e+01,1.114167709350585938e+02,5.851409530639648438e+01,1.798408508300781250e+01,1.313234252929687500e+02,3.662041091918945312e+01,2.125213813781738281e+01,0.000000000000000000e+00
2.733025550842285156e+01,7.258162689208984375e+01,3.335788345336914062e+01,1.194156551361083984e+01,7.087555527687072754e-01,3.717757701873779297e+00,6.584460449218750000e+01,9.411654663085937500e+01,1.345487499237060547e+01,1.031444931030273438e+02,6.828747558593750000e+01,1.705022621154785156e+01,1.207281570434570312e+02,5.028566741943359375e+01,1.921615219116210938e+01,0.000000000000000000e+00
2.655349922180175781e+01,7.823451995849609375e+01,2.100108528137207031e+01,1.221636295318603516e+01,1.309445619583129883e+00,4.543964862823486328e+00,8.211135101318359375e+01,7.684330749511718750e+01,1.347730255126953125e+01,1.205593566894531250e+02,5.002091217041015625e+01,2.210989952087402344e+01,1.352882843017578125e+02,3.308913040161132812e+01,3.003462028503417969e+01,0.000000000000000000e+00
2.740044403076171875e+01,8.098545837402343750e+01,2.380453872680664062e+01,1.150442409515380859e+01,8.071853518486022949e-01,4.142625331878662109e+00,7.701802062988281250e+01,8.263493347167968750e+01,1.382416057586669922e+01,1.164746627807617188e+02,5.382859039306640625e+01,1.892466163635253906e+01,1.335382080078125000e+02,3.531373596191406250e+01,2.339037513732910156e+01,0.000000000000000000e+00
2.761001205444335938e+01,8.151700592041015625e+01,2.226408195495605469e+01,1.123319911956787109e+01,7.404241561889648438e-01,4.336136341094970703e+00,8.289725494384765625e+01,7.648394012451171875e+01,1.385997772216796875e+01,1.201300582885742188e+02,5.014455032348632812e+01,2.043088722229003906e+01,1.365053558349609375e+02,3.196340370178222656e+01,2.694431114196777344e+01,0.000000000000000000e+00
2.618209266662597656e+01,8.110193634033203125e+01,1.895803642272949219e+01,1.141876888275146484e+01,1.109436273574829102e+00,4.407222270965576172e+00,9.220553588867187500e+01,6.630908203125000000e+01,1.323990058898925781e+01,1.270858688354492188e+02,4.272964477539062500e+01,2.172834777832031250e+01,1.386424713134765625e+02,2.854825782775878906e+01,3.117584228515625000e+01,0.000000000000000000e+00
2.663706016540527344e+01,8.141325378417968750e+01,2.099375724792480469e+01,1.173537349700927734e+01,8.062706589698791504e-01,4.063535690307617188e+00,7.271711730957031250e+01,8.659451293945312500e+01,1.434408855438232422e+01,1.141510467529296875e+02,5.537607955932617188e+01,1.897537422180175781e+01,1.321038665771484375e+02,3.600125885009765625e+01,2.367755508422851562e+01,0.000000000000000000e+00
2.617916107177734375e+01,8.227446746826171875e+01,2.022702980041503906e+01,1.160205745697021484e+01,1.254306316375732422e+00,4.199909687042236328e+00,9.018864440917968750e+01,6.820918273925781250e+01,1.357330036163330078e+01,1.261772079467773438e+02,4.333800506591796875e+01,2.170957183837890625e+01,1.379117431640625000e+02,2.935637092590332031e+01,3.011645698547363281e+01,0.000000000000000000e+00
2.986600494384765625e+01,8.209296417236328125e+01,1.621944236755371094e+01,1.132076644897460938e+01,9.505207538604736328e-01,3.472140550613403320e+00,7.004113769531250000e+01,8.985672760009765625e+01,1.511654376983642578e+01,1.075939178466796875e+02,6.244244766235351562e+01,2.049079132080078125e+01,1.251354980468750000e+02,4.331301116943359375e+01,2.480221366882324219e+01,0.000000000000000000e+00
3.205220794677734375e+01,8.188439941406250000e+01,1.290871620178222656e+01,1.169234180450439453e+01,2.044834613800048828e+00,2.727152824401855469e+00,5.793956756591796875e+01,1.027950057983398438e+02,1.599738311767578125e+01,9.377788543701171875e+01,7.716086578369140625e+01,2.328969383239746094e+01,1.146269302368164062e+02,5.549263763427734375e+01,2.587215995788574219e+01,0.000000000000000000e+00
3.163002395629882812e+01,7.910990905761718750e+01,1.394448947906494141e+01,1.169276714324951172e+01,1.064522981643676758e+00,2.952180862426757812e+00,6.285745239257812500e+01,9.710736846923828125e+01,1.597487163543701172e+01,9.394541931152343750e+01,7.676206970214843750e+01,2.320172309875488281e+01,1.098225936889648438e+02,6.065441513061523438e+01,2.495480918884277344e+01,0.000000000000000000e+00
3.439862442016601562e+01,6.315359878540039062e+01,1.840148925781250000e+01,9.412220001220703125e+00,6.562125086784362793e-01,4.456686973571777344e+00,8.259313964843750000e+01,8.122058868408203125e+01,2.049055862426757812e+01,1.099514312744140625e+02,6.599179840087890625e+01,4.928406906127929688e+01,1.193251571655273438e+02,5.696656799316406250e+01,3.811021041870117188e+01,0.000000000000000000e+00
3.483499908447265625e+01,6.127643203735351562e+01,1.621592903137207031e+01,1.067364788055419922e+01,1.802586674690246582e+00,3.261711359024047852e+00,7.051764678955078125e+01,9.564546966552734375e+01,2.648824501037597656e+01,9.112342071533203125e+01,8.569747161865234375e+01,4.930390167236328125e+01,9.099124145507812500e+01,8.610424804687500000e+01,3.461977767944335938e+01,0.000000000000000000e+00
3.652389907836914062e+01,5.649353408813476562e+01,2.369416999816894531e+01,1.010261535644531250e+01,1.119672179222106934e+00,3.724765062332153320e+00,8.942264556884765625e+01,8.464301300048828125e+01,3.162664031982421875e+01,1.010584182739257812e+02,7.965515136718750000e+01,5.290657424926757812e+01,9.767171478271484375e+01,8.094554901123046875e+01,2.931393432617187500e+01,0.000000000000000000e+00
3.546272277832031250e+01,5.516909027099609375e+01,2.484904479980468750e+01,9.447201728820800781e+00,1.982106685638427734e+00,4.101010322570800781e+00,9.136518859863281250e+01,8.413460540771484375e+01,3.184237670898437500e+01,1.008896942138671875e+02,8.070377349853515625e+01,4.932120895385742188e+01,9.694549560546875000e+01,8.178975677490234375e+01,2.860387039184570312e+01,0.000000000000000000e+00
3.461639022827148438e+01,5.520799636840820312e+01,2.735000801086425781e+01,1.013289451599121094e+01,1.378309726715087891e+00,3.759799718856811523e+00,7.658179473876953125e+01,9.599729156494140625e+01,3.084504127502441406e+01,9.459220123291015625e+01,8.474877929687500000e+01,4.875084686279296875e+01,9.382939910888671875e+01,8.389967346191406250e+01,3.025506019592285156e+01,0.000000000000000000e+00
3.561819076538085938e+01,5.438572692871093750e+01,2.721276855468750000e+01,8.848086357116699219e+00,1.791967868804931641e+00,3.602191925048828125e+00,7.547317504882812500e+01,9.052915954589843750e+01,3.066505813598632812e+01,9.362277984619140625e+01,8.149075317382812500e+01,4.661226654052734375e+01,8.611918640136718750e+01,9.011036682128906250e+01,2.832932662963867188e+01,0.000000000000000000e+00
3.792103958129882812e+01,5.199935150146484375e+01,2.493234634399414062e+01,1.003428840637207031e+01,6.171106100082397461e-01,4.278933048248291016e+00,7.393757629394531250e+01,9.495262145996093750e+01,3.125012969970703125e+01,9.444092559814453125e+01,8.210652160644531250e+01,5.315040588378906250e+01,8.786025238037109375e+01,8.979047393798828125e+01,2.876945114135742188e+01,0.000000000000000000e+00
3.634601593017578125e+01,5.332061004638671875e+01,2.413732337951660156e+01,1.017834472656250000e+01,6.758816242218017578e-01,4.334991455078125000e+00,7.071926116943359375e+01,9.557601928710937500e+01,3.140117073059082031e+01,9.484314727783203125e+01,8.159928131103515625e+01,5.243652343750000000e+01,8.513574981689453125e+01,9.285037231445312500e+01,3.051097106933593750e+01,0.000000000000000000e+00
3.150022888183593750e+01,5.333599853515625000e+01,3.135314941406250000e+01,9.135767936706542969e+00,1.860830664634704590e+00,3.481963872909545898e+00,7.594749450683593750e+01,9.534223937988281250e+01,3.017199325561523438e+01,8.932204437255859375e+01,8.974283599853515625e+01,3.886100387573242188e+01,7.656876373291015625e+01,1.016471939086914062e+02,2.527270126342773438e+01,0.000000000000000000e+00
2.974991607666015625e+01,4.868554687500000000e+01,3.334698486328125000e+01,8.666973114013671875e+00,4.043206214904785156e+00,2.420615673065185547e+00,7.498701477050781250e+01,9.640200042724609375e+01,3.325135040283203125e+01,7.895504760742187500e+01,9.944943237304687500e+01,3.961619186401367188e+01,6.795980834960937500e+01,1.100924758911132812e+02,2.717854309082031250e+01,0.000000000000000000e+00
3.271108245849609375e+01,4.630305480957031250e+01,3.199818229675292969e+01,1.074375247955322266e+01,1.612996697425842285e+00,4.433150768280029297e+00,7.090258026123046875e+01,1.039779434204101562e+02,2.983447074890136719e+01,8.562487030029296875e+01,9.461500549316406250e+01,4.380797195434570312e+01,6.902265930175781250e+01,1.124394149780273438e+02,2.590367889404296875e+01,0.000000000000000000e+00
2.977562141418457031e+01,4.043534851074218750e+01,3.877985763549804688e+01,1.243102264404296875e+01,1.535126328468322754e+00,4.227776050567626953e+00,7.342083740234375000e+01,1.040689315795898438e+02,3.122955513000488281e+01,8.718234252929687500e+01,9.659589385986328125e+01,4.101866912841796875e+01,7.044829559326171875e+01,1.109910049438476562e+02,2.559513092041015625e+01,0.000000000000000000e+00
3.018022346496582031e+01,5.452148056030273438e+01,3.861383056640625000e+01,1.300424003601074219e+01,1.659356236457824707e+00,5.435618400573730469e+00,8.510485076904296875e+01,8.424163055419921875e+01,1.592705059051513672e+01,1.140000076293945312e+02,6.555210113525390625e+01,4.946434783935546875e+01,1.289043731689453125e+02,4.905927276611328125e+01,4.251218032836914062e+01,0.000000000000000000e+00
3.447086334228515625e+01,4.812641525268554688e+01,4.289688110351562500e+01,1.288875770568847656e+01,2.880230188369750977e+00,6.510416030883789062e+00,8.727176666259765625e+01,8.142691040039062500e+01,2.147447586059570312e+01,1.170268707275390625e+02,6.204718780517578125e+01,5.856773757934570312e+01,1.321745300292968750e+02,4.415886688232421875e+01,6.176894378662109375e+01,0.000000000000000000e+00
3.668619155883789062e+01,4.514027786254882812e+01,4.389417648315429688e+01,1.186056518554687500e+01,1.734906554222106934e+00,6.890800476074218750e+00,7.231735229492187500e+01,9.432588958740234375e+01,1.591963291168212891e+01,1.027428970336914062e+02,7.267494201660156250e+01,2.892509269714355469e+01,1.171038894653320312e+02,5.729699707031250000e+01,2.799670982360839844e+01,0.000000000000000000e+00
4.196545028686523438e+01,4.290311431884765625e+01,4.518809509277343750e+01,1.383511066436767578e+01,3.417395591735839844e+00,7.041233539581298828e+00,7.870715332031250000e+01,8.375090789794921875e+01,2.847342491149902344e+01,1.129267807006835938e+02,5.921997070312500000e+01,4.502138900756835938e+01,1.319793853759765625e+02,4.132965087890625000e+01,6.985678100585937500e+01,0.000000000000000000e+00
3.994092178344726562e+01,4.097468948364257812e+01,4.744073104858398438e+01,1.351548862457275391e+01,3.077332735061645508e+00,8.425637245178222656e+00,6.035428619384765625e+01,1.015998153686523438e+02,2.574485778808593750e+01,1.051711196899414062e+02,6.737026214599609375e+01,3.900329208374023438e+01,1.303120117187500000e+02,4.501953506469726562e+01,6.785957336425781250e+01,0.000000000000000000e+00
3.905661392211914062e+01,3.736856842041015625e+01,5.410969924926757812e+01,1.365980625152587891e+01,2.724099397659301758e+00,8.273808479309082031e+00,5.435113143920898438e+01,1.062096557617187500e+02,2.547774696350097656e+01,1.020532531738281250e+02,6.973286437988281250e+01,3.982167434692382812e+01,1.287416381835937500e+02,4.456910705566406250e+01,5.934734344482421875e+01,0.000000000000000000e+00
4.331434631347656250e+01,3.748734283447265625e+01,5.463625335693359375e+01,1.418897056579589844e+01,2.069888353347778320e+00,7.411498069763183594e+00,5.529586029052734375e+01,1.038683395385742188e+02,2.553541564941406250e+01,1.003303604125976562e+02,7.124298095703125000e+01,3.915487289428710938e+01,1.271064300537109375e+02,4.807815933227539062e+01,6.682456970214843750e+01,0.000000000000000000e+00
4.136010742187500000e+01,3.608999252319335938e+01,4.886694717407226562e+01,1.542511653900146484e+01,2.144335508346557617e+00,7.925298213958740234e+00,6.044810485839843750e+01,9.898818206787109375e+01,3.001847267150878906e+01,1.003628616333007812e+02,7.391963958740234375e+01,4.289295196533203125e+01,1.259178619384765625e+02,5.379444503784179688e+01,6.704705047607421875e+01,0.000000000000000000e+00
4.523176193237304688e+01,3.029393196105957031e+01,5.522824859619140625e+01,1.377169990539550781e+01,1.141091346740722656e+00,7.500682353973388672e+00,7.257864379882812500e+01,8.709364318847656250e+01,3.523921585083007812e+01,1.057687759399414062e+02,6.968026733398437500e+01,5.265092468261718750e+01,1.261129913330078125e+02,5.292428970336914062e+01,7.576548004150390625e+01,0.000000000000000000e+00
4.156940460205078125e+01,2.136554336547851562e+01,6.184769821166992188e+01,1.330727863311767578e+01,1.642159938812255859e+00,7.247957229614257812e+00,8.388848114013671875e+01,7.831531524658203125e+01,4.245038604736328125e+01,1.110001678466796875e+02,6.812786865234375000e+01,6.218285751342773438e+01,1.257488784790039062e+02,5.669342803955078125e+01,8.168101501464843750e+01,0.000000000000000000e+00
4.328130722045898438e+01,2.270640945434570312e+01,5.711874008178710938e+01,1.385678672790527344e+01,2.011208295822143555e+00,6.544925689697265625e+00,8.206407928466796875e+01,7.902416992187500000e+01,4.129692840576171875e+01,1.080586547851562500e+02,7.126560974121093750e+01,5.927557754516601562e+01,1.228036575317382812e+02,6.181078720092773438e+01,7.861170959472656250e+01,0.000000000000000000e+00
4.053260803222656250e+01,2.339157676696777344e+01,5.901828384399414062e+01,1.565840911865234375e+01,2.498002529144287109e+00,6.470774173736572266e+00,7.669103240966796875e+01,8.389309692382812500e+01,3.765094375610351562e+01,1.074072799682617188e+02,7.206756591796875000e+01,5.746022796630859375e+01,1.248412551879882812e+02,5.997415161132812500e+01,8.055010986328125000e+01,0.000000000000000000e+00
4.211595916748046875e+01,2.203761672973632812e+01,5.942627716064453125e+01,1.610429763793945312e+01,2.802355289459228516e+00,7.871783733367919922e+00,7.417412567138671875e+01,8.631903839111328125e+01,4.401421356201171875e+01,1.045534362792968750e+02,7.344023132324218750e+01,6.498382568359375000e+01,1.215658874511718750e+02,6.217717361450195312e+01,8.453153228759765625e+01,0.000000000000000000e+00
4.361302566528320312e+01,2.208554077148437500e+01,5.360920333862304688e+01,1.560907840728759766e+01,2.486833572387695312e+00,1.047549724578857422e+01,7.221736145019531250e+01,8.652915191650390625e+01,4.741041564941406250e+01,1.027272033691406250e+02,7.429872131347656250e+01,6.877442169189453125e+01,1.209911651611328125e+02,6.216464996337890625e+01,8.504156494140625000e+01,0.000000000000000000e+00
4.498412322998046875e+01,2.726704597473144531e+01,4.991216659545898438e+01,1.610384750366210938e+01,3.206177949905395508e+00,1.133425045013427734e+01,6.925564575195312500e+01,8.870243835449218750e+01,4.901221847534179688e+01,1.011359786987304688e+02,7.608533477783203125e+01,6.990840148925781250e+01,1.191138610839843750e+02,6.389561843872070312e+01,8.294593048095703125e+01,0.000000000000000000e+00
4.489125061035156250e+01,2.699658966064453125e+01,4.937343978881835938e+01,1.643966865539550781e+01,3.479702234268188477e+00,1.268740177154541016e+01,6.631029510498046875e+01,9.153594207763671875e+01,5.004370498657226562e+01,9.892576599121093750e+01,7.822224426269531250e+01,7.106508636474609375e+01,1.199921112060546875e+02,6.370376968383789062e+01,8.587437438964843750e+01,0.000000000000000000e+00
4.453767013549804688e+01,2.791482353210449219e+01,5.388650894165039062e+01,1.677075576782226562e+01,3.698958396911621094e+00,1.334915733337402344e+01,6.545405578613281250e+01,9.215055847167968750e+01,4.966702270507812500e+01,9.930654144287109375e+01,7.701266479492187500e+01,6.920090484619140625e+01,1.211356124877929688e+02,6.156346511840820312e+01,8.538532257080078125e+01,0.000000000000000000e+00
4.282959365844726562e+01,2.908693313598632812e+01,5.533618927001953125e+01,1.683568000793457031e+01,2.809818983078002930e+00,1.173611450195312500e+01,6.515828704833984375e+01,9.286354064941406250e+01,4.756507110595703125e+01,9.955832672119140625e+01,7.712911224365234375e+01,6.799497222900390625e+01,1.220056304931640625e+02,6.136359786987304688e+01,8.693283081054687500e+01,0.000000000000000000e+00
4.035096740722656250e+01,2.903811454772949219e+01,5.611271667480468750e+01,1.658110427856445312e+01,3.344273090362548828e+00,1.249813365936279297e+01,6.490761566162109375e+01,9.369885253906250000e+01,4.615722274780273438e+01,9.946232604980468750e+01,7.730201721191406250e+01,6.484098815917968750e+01,1.212614212036132812e+02,5.954454040527343750e+01,8.356182861328125000e+01,0.000000000000000000e+00
4.171689987182617188e+01,3.273291778564453125e+01,5.288021850585937500e+01,1.781967163085937500e+01,4.143701076507568359e+00,1.143106651306152344e+01,5.636172866821289062e+01,1.011282882690429688e+02,3.963711929321289062e+01,9.558766937255859375e+01,8.079003906250000000e+01,6.146447753906250000e+01,1.209203796386718750e+02,6.105100631713867188e+01,8.222021484375000000e+01,0.000000000000000000e+00
3.835880279541015625e+01,3.358107376098632812e+01,5.317932510375976562e+01,1.770159530639648438e+01,2.956703424453735352e+00,1.016846561431884766e+01,5.834515762329101562e+01,9.998692321777343750e+01,3.751595306396484375e+01,9.604444885253906250e+01,8.106369781494140625e+01,5.647026443481445312e+01,1.207030639648437500e+02,6.041615295410156250e+01,7.717077636718750000e+01,0.000000000000000000e+00
3.672718429565429688e+01,2.381002235412597656e+01,6.858964538574218750e+01,1.956458282470703125e+01,1.935928344726562500e+00,2.305745363235473633e+00,1.061813659667968750e+02,6.271685409545898438e+01,6.491666412353515625e+01,1.280418243408203125e+02,5.818386459350585938e+01,8.279449462890625000e+01,1.366098937988281250e+02,5.106289672851562500e+01,9.605240631103515625e+01,0.000000000000000000e+00
3.953370285034179688e+01,2.300401306152343750e+01,8.550885009765625000e+01,1.964282989501953125e+01,2.093258142471313477e+00,2.350638866424560547e+00,1.103234100341796875e+02,6.064533615112304688e+01,6.148865509033203125e+01,1.302990722656250000e+02,5.748617172241210938e+01,8.118228912353515625e+01,1.384767150878906250e+02,5.091113662719726562e+01,9.380618286132812500e+01,0.000000000000000000e+00
3.795763778686523438e+01,2.293705940246582031e+01,7.679178619384765625e+01,1.946784019470214844e+01,1.492765665054321289e+00,2.448469161987304688e+00,1.083034744262695312e+02,6.005255889892578125e+01,5.866178131103515625e+01,1.300566253662109375e+02,5.646398162841796875e+01,8.067843627929687500e+01,1.391379241943359375e+02,4.867870712280273438e+01,9.342959594726562500e+01,0.000000000000000000e+00
3.581147766113281250e+01,2.223193359375000000e+01,6.402924346923828125e+01,1.569322013854980469e+01,1.818801403045654297e+00,3.208873271942138672e+00,1.072751922607421875e+02,6.237160873413085938e+01,6.643907165527343750e+01,1.282530670166015625e+02,5.891763305664062500e+01,8.279325103759765625e+01,1.379729156494140625e+02,5.083550643920898438e+01,9.482099151611328125e+01,0.000000000000000000e+00
3.952254104614257812e+01,2.697312545776367188e+01,7.395321655273437500e+01,1.450088691711425781e+01,1.924049735069274902e+00,4.338216781616210938e+00,1.022144851684570312e+02,6.775979614257812500e+01,5.701704788208007812e+01,1.288370971679687500e+02,5.747092819213867188e+01,8.016622924804687500e+01,1.394462432861328125e+02,4.802552413940429688e+01,9.280889129638671875e+01,0.000000000000000000e+00
4.011124801635742188e+01,2.912338447570800781e+01,8.419529724121093750e+01,1.383885288238525391e+01,2.998517513275146484e+00,5.108584403991699219e+00,9.747657775878906250e+01,7.138344573974609375e+01,5.053268814086914062e+01,1.291716613769531250e+02,5.591310119628906250e+01,7.956529235839843750e+01,1.398530426025390625e+02,4.611147689819335938e+01,9.318775177001953125e+01,0.000000000000000000e+00
4.104292678833007812e+01,3.279387283325195312e+01,9.518950653076171875e+01,1.323209953308105469e+01,2.621679306030273438e+00,5.034376144409179688e+00,9.917549133300781250e+01,6.987615203857421875e+01,4.158456039428710938e+01,1.334386596679687500e+02,5.034966659545898438e+01,7.148332214355468750e+01,1.444144592285156250e+02,4.023038482666015625e+01,8.614588928222656250e+01,0.000000000000000000e+00
3.823213958740234375e+01,3.716027832031250000e+01,9.132101440429687500e+01,1.250252628326416016e+01,2.675222396850585938e+00,4.346661090850830078e+00,9.465697479248046875e+01,7.351733398437500000e+01,3.316951370239257812e+01,1.375623779296875000e+02,4.445161056518554688e+01,6.424861145019531250e+01,1.475885925292968750e+02,3.436911010742187500e+01,7.688674163818359375e+01,0.000000000000000000e+00
3.862586975097656250e+01,3.847053146362304688e+01,9.042446899414062500e+01,1.387783908843994141e+01,1.490846276283264160e+00,3.455160617828369141e+00,8.971176910400390625e+01,7.775186157226562500e+01,2.977586746215820312e+01,1.362213439941406250e+02,4.390678024291992188e+01,5.725357818603515625e+01,1.469660644531250000e+02,3.299736022949218750e+01,6.614098358154296875e+01,0.000000000000000000e+00
3.799897766113281250e+01,3.761798095703125000e+01,9.439610290527343750e+01,1.450670146942138672e+01,1.432119846343994141e+00,4.440640449523925781e+00,9.827983093261718750e+01,6.848538208007812500e+01,3.232503128051757812e+01,1.357685852050781250e+02,4.406238555908203125e+01,5.805076980590820312e+01,1.463750152587890625e+02,3.252623748779296875e+01,6.715402221679687500e+01,0.000000000000000000e+00
2.638995170593261719e+01,1.536952972412109375e+01,4.699389648437500000e+01,1.382046222686767578e+01,1.489736318588256836e+00,4.244563579559326172e+00,1.156916732788085938e+02,4.869666671752929688e+01,6.276559829711914062e+01,1.307867431640625000e+02,5.596752166748046875e+01,8.093698883056640625e+01,1.351614685058593750e+02,4.747208786010742188e+01,9.312086486816406250e+01,0.000000000000000000e+00
2.632868385314941406e+01,1.544201087951660156e+01,2.684555244445800781e+01,1.448319816589355469e+01,2.559203863143920898e+00,2.159310340881347656e+00,1.109934387207031250e+02,5.841170120239257812e+01,7.162696075439453125e+01,1.238416290283203125e+02,6.533983612060546875e+01,7.876009368896484375e+01,1.244232482910156250e+02,6.022704696655273438e+01,8.849270629882812500e+01,0.000000000000000000e+00
2.791199874877929688e+01,1.513979339599609375e+01,2.205210113525390625e+01,1.310416698455810547e+01,3.316632509231567383e+00,3.434159755706787109e-01,1.077842712402343750e+02,6.242753982543945312e+01,6.891117858886718750e+01,1.173272018432617188e+02,7.223475646972656250e+01,7.233173370361328125e+01,1.155169754028320312e+02,6.831587219238281250e+01,8.152955627441406250e+01,0.000000000000000000e+00
3.196911621093750000e+01,1.261041641235351562e+01,1.457497406005859375e+01,1.305800056457519531e+01,1.777541518211364746e+00,7.784371972084045410e-01,1.069340515136718750e+02,6.530024719238281250e+01,7.249430084228515625e+01,1.137120437622070312e+02,7.676477813720703125e+01,7.331821441650390625e+01,1.091260986328125000e+02,7.375258636474609375e+01,7.821417236328125000e+01,0.000000000000000000e+00
3.330116653442382812e+01,1.014617443084716797e+01,1.547189426422119141e+01,1.563566684722900391e+01,5.770971775054931641e+00,9.967031478881835938e-01,1.050576934814453125e+02,6.785960388183593750e+01,7.268883514404296875e+01,1.102084197998046875e+02,8.128223419189453125e+01,7.332920074462890625e+01,1.035615997314453125e+02,7.668003845214843750e+01,7.716685485839843750e+01,0.000000000000000000e+00
2.467967987060546875e+01,1.078198432922363281e+01,2.393622207641601562e+01,1.785029411315917969e+01,9.112891197204589844e+00,9.930120110511779785e-01,1.013275527954101562e+02,7.419995117187500000e+01,8.312907409667968750e+01,1.039018707275390625e+02,9.441699218750000000e+01,7.253195190429687500e+01,9.387384033203125000e+01,9.071640014648437500e+01,7.441053009033203125e+01,0.000000000000000000e+00
9.046787261962890625e+00,2.938358879089355469e+01,3.226803970336914062e+01,1.651741027832031250e+01,8.566963195800781250e+00,1.681194186210632324e+00,9.918580627441406250e+01,7.530535888671875000e+01,7.691518402099609375e+01,9.828055572509765625e+01,9.842913055419921875e+01,6.793118286132812500e+01,8.925936889648437500e+01,8.765481567382812500e+01,7.175129699707031250e+01,0.000000000000000000e+00
1.100269508361816406e+01,3.086601066589355469e+01,3.362322998046875000e+01,1.792812919616699219e+01,1.107424926757812500e+01,2.441663503646850586e+00,9.975299072265625000e+01,7.506546783447265625e+01,8.040245056152343750e+01,9.748835754394531250e+01,9.561746978759765625e+01,7.237926483154296875e+01,8.673088836669921875e+01,8.906925964355468750e+01,7.171366119384765625e+01,0.000000000000000000e+00
2.159902191162109375e+01,1.606903839111328125e+01,2.084274101257324219e+01,1.934074401855468750e+01,1.104588603973388672e+01,2.956131935119628906e+00,1.020302124023437500e+02,7.598137664794921875e+01,8.430490112304687500e+01,1.009028778076171875e+02,9.143032073974609375e+01,7.777032470703125000e+01,9.142974090576171875e+01,8.485180664062500000e+01,7.673818206787109375e+01,0.000000000000000000e+00
4.044111251831054688e+01,1.577457618713378906e+01,1.256805419921875000e+01,1.649472045898437500e+01,3.401095390319824219e+00,3.997870445251464844e+00,1.046495971679687500e+02,6.716730499267578125e+01,7.778769683837890625e+01,1.133303604125976562e+02,7.571125793457031250e+01,7.974849700927734375e+01,1.122857284545898438e+02,6.986856079101562500e+01,8.419773864746093750e+01,0.000000000000000000e+00
3.329935836791992188e+01,2.268878746032714844e+01,4.015238189697265625e+01,1.771712684631347656e+01,3.410086870193481445e+00,3.705553770065307617e+00,1.009673461914062500e+02,7.082626342773437500e+01,7.309735870361328125e+01,1.187281265258789062e+02,7.206558227539062500e+01,7.425611114501953125e+01,1.249210815429687500e+02,6.737316894531250000e+01,7.877481079101562500e+01,0.000000000000000000e+00
3.488111877441406250e+01,3.075544738769531250e+01,6.588018798828125000e+01,1.588162517547607422e+01,5.118977546691894531e+00,5.464510917663574219e+00,9.390110015869140625e+01,8.060963439941406250e+01,6.085652542114257812e+01,1.145093917846679688e+02,7.534918975830078125e+01,6.730561828613281250e+01,1.245858154296875000e+02,6.785198974609375000e+01,7.704551696777343750e+01,0.000000000000000000e+00
4.377340316772460938e+01,3.381970977783203125e+01,7.047674560546875000e+01,1.665137100219726562e+01,5.612325191497802734e+00,5.491183757781982422e+00,8.955796051025390625e+01,8.667682647705078125e+01,5.350193405151367188e+01,1.125272750854492188e+02,7.623128509521484375e+01,6.328015518188476562e+01,1.253170089721679688e+02,6.937448883056640625e+01,7.729456329345703125e+01,0.000000000000000000e+00
3.905397415161132812e+01,3.292627334594726562e+01,6.021089935302734375e+01,1.869912338256835938e+01,6.200548171997070312e+00,6.705334663391113281e+00,6.751576232910156250e+01,1.057893447875976562e+02,5.229120254516601562e+01,1.020470199584960938e+02,8.382981109619140625e+01,6.663919067382812500e+01,1.178752517700195312e+02,7.132677459716796875e+01,7.548155212402343750e+01,0.000000000000000000e+00
4.498499679565429688e+01,4.283028030395507812e+01,6.732063293457031250e+01,1.660775375366210938e+01,1.105713367462158203e+01,1.469133949279785156e+01,5.518238830566406250e+01,1.184682617187500000e+02,5.221821975708007812e+01,9.373556518554687500e+01,9.049893951416015625e+01,6.838523864746093750e+01,1.183606796264648438e+02,6.828481292724609375e+01,8.365562438964843750e+01,0.000000000000000000e+00
4.178295516967773438e+01,4.224693298339843750e+01,7.118553924560546875e+01,1.702696418762207031e+01,1.109967231750488281e+01,1.258269405364990234e+01,5.559593963623046875e+01,1.157907714843750000e+02,4.669647598266601562e+01,9.546137237548828125e+01,8.712323760986328125e+01,6.520240783691406250e+01,1.175004425048828125e+02,6.887588500976562500e+01,8.072428894042968750e+01,0.000000000000000000e+00
3.999237060546875000e+01,3.959456634521484375e+01,6.803569793701171875e+01,1.817681312561035156e+01,1.122102165222167969e+01,1.101222038269042969e+01,5.976923370361328125e+01,1.117086944580078125e+02,5.098082351684570312e+01,9.859830474853515625e+01,8.507158660888671875e+01,6.946144104003906250e+01,1.206672134399414062e+02,6.680577087402343750e+01,8.499234771728515625e+01,0.000000000000000000e+00
3.992373657226562500e+01,4.129930114746093750e+01,6.787203979492187500e+01,1.802337265014648438e+01,1.059389877319335938e+01,1.120985889434814453e+01,5.963950729370117188e+01,1.116433563232421875e+02,5.126348114013671875e+01,9.857809448242187500e+01,8.444923400878906250e+01,6.859878540039062500e+01,1.203682174682617188e+02,6.663124847412109375e+01,8.400688934326171875e+01,0.000000000000000000e+00
4.315040588378906250e+01,4.407627487182617188e+01,6.933039093017578125e+01,1.812141036987304688e+01,1.023616981506347656e+01,1.137654876708984375e+01,5.538834381103515625e+01,1.136192932128906250e+02,4.532326889038085938e+01,8.963596343994140625e+01,9.190224456787109375e+01,6.316783523559570312e+01,1.118879165649414062e+02,7.267959594726562500e+01,7.915172576904296875e+01,0.000000000000000000e+00
4.259026718139648438e+01,3.663482666015625000e+01,6.693636322021484375e+01,1.619555282592773438e+01,7.313074588775634766e+00,7.961697101593017578e+00,7.297956085205078125e+01,9.814787292480468750e+01,5.265011215209960938e+01,1.020441970825195312e+02,8.305516052246093750e+01,6.931582641601562500e+01,1.169593582153320312e+02,7.240023803710937500e+01,8.195405578613281250e+01,0.000000000000000000e+00
4.141847610473632812e+01,3.534685897827148438e+01,6.310230636596679688e+01,1.627303695678710938e+01,6.713031291961669922e+00,8.561022758483886719e+00,7.544318389892578125e+01,9.422794342041015625e+01,5.234641647338867188e+01,1.060262527465820312e+02,7.861524963378906250e+01,6.870115661621093750e+01,1.193437881469726562e+02,6.998515319824218750e+01,8.128896331787109375e+01,0.000000000000000000e+00
4.114957046508789062e+01,3.280721282958984375e+01,6.010303497314453125e+01,1.615886497497558594e+01,7.173473834991455078e+00,6.460947513580322266e+00,8.446617126464843750e+01,8.904972076416015625e+01,6.757836914062500000e+01,1.117621841430664062e+02,7.706394958496093750e+01,7.637873840332031250e+01,1.204587326049804688e+02,7.229831695556640625e+01,8.220591735839843750e+01,0.000000000000000000e+00
4.151114273071289062e+01,3.129097938537597656e+01,5.463668441772460938e+01,1.690276336669921875e+01,7.708723545074462891e+00,6.156145572662353516e+00,8.127706909179687500e+01,9.101277923583984375e+01,6.158691406250000000e+01,1.097757568359375000e+02,7.871462249755859375e+01,7.353623962402343750e+01,1.193323211669921875e+02,7.232128906250000000e+01,8.047630310058593750e+01,0.000000000000000000e+00
4.204949188232421875e+01,3.098006057739257812e+01,4.886821746826171875e+01,1.754255294799804688e+01,8.238989830017089844e+00,6.661499500274658203e+00,8.230973815917968750e+01,8.929062652587890625e+01,6.765813446044921875e+01,1.088353805541992188e+02,7.789794921875000000e+01,7.650979614257812500e+01,1.186584396362304688e+02,7.163954925537109375e+01,8.328701782226562500e+01,0.000000000000000000e+00
4.115950775146484375e+01,3.292076110839843750e+01,4.843591690063476562e+01,1.764878845214843750e+01,5.893312931060791016e+00,8.335895538330078125e+00,8.013452911376953125e+01,9.324663543701171875e+01,6.777122497558593750e+01,1.039911727905273438e+02,8.259912872314453125e+01,7.589966583251953125e+01,1.141848602294921875e+02,7.557357788085937500e+01,8.290725708007812500e+01,0.000000000000000000e+00
4.342090225219726562e+01,3.133999633789062500e+01,4.407171630859375000e+01,1.925843238830566406e+01,1.038872146606445312e+01,7.732617855072021484e+00,7.560218048095703125e+01,9.737937927246093750e+01,7.251898956298828125e+01,1.024704742431640625e+02,8.430193328857421875e+01,7.973415374755859375e+01,1.132738876342773438e+02,7.753958892822265625e+01,8.551422882080078125e+01,0.000000000000000000e+00
4.260137557983398438e+01,2.619256973266601562e+01,3.900674438476562500e+01,2.295583534240722656e+01,6.808405876159667969e+00,5.198131561279296875e+00,8.166328430175781250e+01,9.301415252685546875e+01,6.832101440429687500e+01,1.046284790039062500e+02,8.490126800537109375e+01,7.397683715820312500e+01,1.128627853393554688e+02,7.960567474365234375e+01,7.953504943847656250e+01,0.000000000000000000e+00
4.390007019042968750e+01,2.042252159118652344e+01,3.658556365966796875e+01,2.229180145263671875e+01,2.696196556091308594e+00,5.855134963989257812e+00,8.748380279541015625e+01,8.104299926757812500e+01,5.798968505859375000e+01,1.091540832519531250e+02,7.694093322753906250e+01,6.995702362060546875e+01,1.149269256591796875e+02,7.264822387695312500e+01,7.595022583007812500e+01,0.000000000000000000e+00
4.662030029296875000e+01,1.786955451965332031e+01,2.149132728576660156e+01,2.069240188598632812e+01,1.625902533531188965e+00,5.420549392700195312e+00,9.787319946289062500e+01,7.292990112304687500e+01,7.133464050292968750e+01,1.154863357543945312e+02,7.126955413818359375e+01,7.728662872314453125e+01,1.198279495239257812e+02,6.548820495605468750e+01,8.444187927246093750e+01,0.000000000000000000e+00
4.495378875732421875e+01,1.872333145141601562e+01,2.277641487121582031e+01,2.245193099975585938e+01,3.258491516113281250e+00,6.039241790771484375e+00,1.012514877319335938e+02,6.998700714111328125e+01,7.330496978759765625e+01,1.176324386596679688e+02,6.943374633789062500e+01,8.002619934082031250e+01,1.212097549438476562e+02,6.147105789184570312e+01,9.115749359130859375e+01,0.000000000000000000e+00
4.063700866699218750e+01,1.746162033081054688e+01,1.599620723724365234e+01,1.939844894409179688e+01,2.476655960083007812e+00,3.687252283096313477e+00,1.004177780151367188e+02,7.264260101318359375e+01,7.180921173095703125e+01,1.143203811645507812e+02,7.306008911132812500e+01,7.835075378417968750e+01,1.176369247436523438e+02,6.685629272460937500e+01,8.898184204101562500e+01,0.000000000000000000e+00
4.668259429931640625e+01,2.038438224792480469e+01,1.014667129516601562e+01,1.497630119323730469e+01,9.208876609802246094e+00,6.752071380615234375e-01,1.029783096313476562e+02,6.374768829345703125e+01,6.547547149658203125e+01,1.099839935302734375e+02,6.926184844970703125e+01,6.655007934570312500e+01,1.116006011962890625e+02,6.069520187377929688e+01,6.829557037353515625e+01,0.000000000000000000e+00
2.976655578613281250e+01,1.872747993469238281e+01,3.758639144897460938e+01,1.650882339477539062e+01,5.560876846313476562e+00,2.229117870330810547e+00,1.068266525268554688e+02,6.821163940429687500e+01,8.543313598632812500e+01,1.165701828002929688e+02,7.163484191894531250e+01,7.775067901611328125e+01,1.171479873657226562e+02,6.727189636230468750e+01,8.425378417968750000e+01,0.000000000000000000e+00
3.019510841369628906e+01,1.723967933654785156e+01,4.581466674804687500e+01,1.749153327941894531e+01,5.361892700195312500e+00,3.969369411468505859e+00,1.053677825927734375e+02,6.948213958740234375e+01,8.285951232910156250e+01,1.153856353759765625e+02,7.271849822998046875e+01,7.866224670410156250e+01,1.166100006103515625e+02,6.597241973876953125e+01,8.541479492187500000e+01,0.000000000000000000e+00
3.124864006042480469e+01,1.731549453735351562e+01,3.265039062500000000e+01,1.656215858459472656e+01,5.319129943847656250e+00,3.928623437881469727e+00,1.053904724121093750e+02,7.033388519287109375e+01,8.522537231445312500e+01,1.153917083740234375e+02,7.239894104003906250e+01,7.828920745849609375e+01,1.157610244750976562e+02,6.668820190429687500e+01,8.438427734375000000e+01,0.000000000000000000e+00
3.064431953430175781e+01,1.618549919128417969e+01,4.344430160522460938e+01,1.673738670349121094e+01,4.808967590332031250e+00,4.891135215759277344e+00,1.050947113037109375e+02,6.994232177734375000e+01,8.558802795410156250e+01,1.138834915161132812e+02,7.388161468505859375e+01,7.832781982421875000e+01,1.129900894165039062e+02,6.775186157226562500e+01,8.389209747314453125e+01,0.000000000000000000e+00
2.905687332153320312e+01,1.664687156677246094e+01,3.831391906738281250e+01,1.545694828033447266e+01,4.356336593627929688e+00,3.741027832031250000e+00,1.055521240234375000e+02,6.980425262451171875e+01,8.338748931884765625e+01,1.138541259765625000e+02,7.378941345214843750e+01,7.795078277587890625e+01,1.124840087890625000e+02,6.884320831298828125e+01,8.411991119384765625e+01,0.000000000000000000e+00
2.794799423217773438e+01,1.918180465698242188e+01,5.801379013061523438e+01,1.520536422729492188e+01,5.462545394897460938e+00,3.231976270675659180e+00,1.065115890502929688e+02,6.635855102539062500e+01,8.233677673339843750e+01,1.167469329833984375e+02,7.077748870849609375e+01,7.866200256347656250e+01,1.156870193481445312e+02,6.513024139404296875e+01,8.584764862060546875e+01,0.000000000000000000e+00
2.401281929016113281e+01,1.300060749053955078e+01,4.302248001098632812e+01,1.546337890625000000e+01,6.483441352844238281e+00,1.717206001281738281e+00,1.067143173217773438e+02,6.668622589111328125e+01,8.022283935546875000e+01,1.143954315185546875e+02,7.549190521240234375e+01,7.500469207763671875e+01,1.134722290039062500e+02,6.733525085449218750e+01,8.160381317138671875e+01,0.000000000000000000e+00
2.060042381286621094e+01,1.169856929779052734e+01,3.959653472900390625e+01,1.425074291229248047e+01,5.798371791839599609e+00,4.277143776416778564e-01,1.078161697387695312e+02,6.205941772460937500e+01,6.759614562988281250e+01,1.218153076171875000e+02,7.064393615722656250e+01,6.880847930908203125e+01,1.232731399536132812e+02,6.372926330566406250e+01,7.276954650878906250e+01,0.000000000000000000e+00
2.204047012329101562e+01,2.024287986755371094e+01,9.812516021728515625e+01,1.308711051940917969e+01,1.931761264801025391e+00,1.784951090812683105e+00,1.063623580932617188e+02,6.497296142578125000e+01,5.360265350341796875e+01,1.270990524291992188e+02,6.131072998046875000e+01,6.866549682617187500e+01,1.331934814453125000e+02,5.461320495605468750e+01,8.182868194580078125e+01,0.000000000000000000e+00
2.370601654052734375e+01,3.070615386962890625e+01,9.485665130615234375e+01,1.208884429931640625e+01,3.029291629791259766e+00,3.174556493759155273e+00,9.611826324462890625e+01,7.527132415771484375e+01,4.539234924316406250e+01,1.202607650756835938e+02,6.409462738037109375e+01,6.118460083007812500e+01,1.278466186523437500e+02,5.701352310180664062e+01,6.722483062744140625e+01,0.000000000000000000e+00
2.646941757202148438e+01,2.845258331298828125e+01,9.457230377197265625e+01,1.237991714477539062e+01,2.449743747711181641e+00,3.805379629135131836e+00,9.049094390869140625e+01,7.947310638427734375e+01,3.764112854003906250e+01,1.164645309448242188e+02,6.680298614501953125e+01,5.325461196899414062e+01,1.236004562377929688e+02,6.143548583984375000e+01,6.025080108642578125e+01,0.000000000000000000e+00
2.779298591613769531e+01,3.008992958068847656e+01,8.566992950439453125e+01,1.194041538238525391e+01,3.158638238906860352e+00,4.334311485290527344e+00,8.047912597656250000e+01,8.874585723876953125e+01,3.256893157958984375e+01,1.113389892578125000e+02,7.156428527832031250e+01,4.460914993286132812e+01,1.177632904052734375e+02,6.794708251953125000e+01,5.137472915649414062e+01,0.000000000000000000e+00
2.957295417785644531e+01,3.767506408691406250e+01,8.788110351562500000e+01,1.254952430725097656e+01,2.167490005493164062e+00,3.276960134506225586e+00,7.323242187500000000e+01,9.445703125000000000e+01,2.804483604431152344e+01,1.090575866699218750e+02,7.087752532958984375e+01,4.414867782592773438e+01,1.212589874267578125e+02,6.052988815307617188e+01,5.122560119628906250e+01,0.000000000000000000e+00
4.179900741577148438e+01,6.110441970825195312e+01,5.615296173095703125e+01,1.149377536773681641e+01,9.084458351135253906e-01,4.242681980133056641e+00,1.018815841674804688e+02,6.014241409301757812e+01,1.351357078552246094e+01,1.331283721923828125e+02,4.321440124511718750e+01,3.978408813476562500e+01,1.398914489746093750e+02,3.214750289916992188e+01,3.778825378417968750e+01,0.000000000000000000e+00
4.518162918090820312e+01,5.330316543579101562e+01,3.824430084228515625e+01,1.205027008056640625e+01,3.130656957626342773e+00,4.883191585540771484e+00,7.335826110839843750e+01,9.362641143798828125e+01,3.646627807617187500e+01,9.000018310546875000e+01,8.899049377441406250e+01,5.515224075317382812e+01,8.727976989746093750e+01,8.909301757812500000e+01,3.789786911010742188e+01,0.000000000000000000e+00
3.551087951660156250e+01,4.551318359375000000e+01,1.949977111816406250e+01,1.360491085052490234e+01,4.885308265686035156e+00,7.576081752777099609e+00,6.514589691162109375e+01,1.183791885375976562e+02,3.814278793334960938e+01,6.307475280761718750e+01,1.214436721801757812e+02,4.488161087036132812e+01,4.895741653442382812e+01,1.340362396240234375e+02,3.024044418334960938e+01,0.000000000000000000e+00
3.727374649047851562e+01,4.100984573364257812e+01,1.548809623718261719e+01,1.632199478149414062e+01,2.341007947921752930e+00,1.381567382812500000e+01,6.794923400878906250e+01,1.193126296997070312e+02,3.644046783447265625e+01,6.265147399902343750e+01,1.230506668090820312e+02,4.802209472656250000e+01,5.068619155883789062e+01,1.324083099365234375e+02,3.234769821166992188e+01,0.000000000000000000e+00
3.349306106567382812e+01,3.086629295349121094e+01,1.046293640136718750e+01,1.269648647308349609e+01,4.533664703369140625e+00,1.299165058135986328e+01,7.078339385986328125e+01,1.135638656616210938e+02,3.170138359069824219e+01,6.415287780761718750e+01,1.255542068481445312e+02,3.536480712890625000e+01,5.074348449707031250e+01,1.368310394287109375e+02,2.771720886230468750e+01,0.000000000000000000e+00
3.403112411499023438e+01,2.529853820800781250e+01,1.459880256652832031e+01,1.372839832305908203e+01,5.567606925964355469e+00,8.317358016967773438e+00,6.982086181640625000e+01,1.070055847167968750e+02,3.276335144042968750e+01,6.340002059936523438e+01,1.187642974853515625e+02,3.856063842773437500e+01,4.957465362548828125e+01,1.313210144042968750e+02,3.202981567382812500e+01,0.000000000000000000e+00
3.333467483520507812e+01,2.772632789611816406e+01,1.839595794677734375e+01,1.722995185852050781e+01,5.643592357635498047e+00,9.354326248168945312e+00,7.047773742675781250e+01,1.047617416381835938e+02,3.387560653686523438e+01,6.545700836181640625e+01,1.177086791992187500e+02,4.063258361816406250e+01,4.907053756713867188e+01,1.332239990234375000e+02,3.202083969116210938e+01,0.000000000000000000e+00
4.390583801269531250e+01,5.139750671386718750e+01,4.779744338989257812e+01,1.513412570953369141e+01,1.236423301696777344e+01,1.625949096679687500e+01,5.095566940307617188e+01,1.319162139892578125e+02,2.273245239257812500e+01,5.265621566772460938e+01,1.330695953369140625e+02,3.731111145019531250e+01,3.326686096191406250e+01,1.468979034423828125e+02,2.309114837646484375e+01,0.000000000000000000e+00
3.827011871337890625e+01,5.723446273803710938e+01,5.291762161254882812e+01,1.522473049163818359e+01,1.047639560699462891e+01,1.557488441467285156e+01,5.460372924804687500e+01,1.142001342773437500e+02,3.451376724243164062e+01,1.019040908813476562e+02,7.675430297851562500e+01,6.142585754394531250e+01,1.264755706787109375e+02,5.316865539550781250e+01,6.933086395263671875e+01,0.000000000000000000e+00
3.399692535400390625e+01,4.590533828735351562e+01,7.429843902587890625e+01,1.417247772216796875e+01,5.079648494720458984e+00,9.106052398681640625e+00,8.450748443603515625e+01,8.466938018798828125e+01,4.234003829956054688e+01,1.163902282714843750e+02,6.833897399902343750e+01,5.823721694946289062e+01,1.294738311767578125e+02,6.009428405761718750e+01,7.064942932128906250e+01,0.000000000000000000e+00
2.393523788452148438e+01,1.861039733886718750e+01,3.513328170776367188e+01,1.802065467834472656e+01,2.447378396987915039e+00,6.964256763458251953e+00,1.021555938720703125e+02,6.814936828613281250e+01,7.345904541015625000e+01,1.158681640625000000e+02,7.295424652099609375e+01,7.786508178710937500e+01,1.210183029174804688e+02,6.790411376953125000e+01,8.718866729736328125e+01,0.000000000000000000e+00
2.375457572937011719e+01,1.694055557250976562e+01,4.353521728515625000e+01,1.730102729797363281e+01,1.913836479187011719e+00,5.186161041259765625e+00,9.673501586914062500e+01,6.901190185546875000e+01,6.804621124267578125e+01,1.069497528076171875e+02,7.816655731201171875e+01,7.043567657470703125e+01,1.082627944946289062e+02,7.174148559570312500e+01,7.732709503173828125e+01,0.000000000000000000e+00
3.201877593994140625e+01,1.417232322692871094e+01,3.456392288208007812e+01,2.303249931335449219e+01,1.231569886207580566e+00,7.464946746826171875e+00,9.831317901611328125e+01,6.687803649902343750e+01,6.937989807128906250e+01,1.065048751831054688e+02,7.462025451660156250e+01,7.434969329833984375e+01,1.049732055664062500e+02,7.137566375732421875e+01,7.785698699951171875e+01,0.000000000000000000e+00
4.307400131225585938e+01,1.212570858001708984e+01,2.320900344848632812e+01,2.241759872436523438e+01,4.127955436706542969e+00,6.826942920684814453e+00,1.005109481811523438e+02,6.925846099853515625e+01,7.784047698974609375e+01,1.063962783813476562e+02,7.635174560546875000e+01,7.973064422607421875e+01,1.025647583007812500e+02,7.724328613281250000e+01,7.530686187744140625e+01,0.000000000000000000e+00
4.603456878662109375e+01,1.197708702087402344e+01,1.337038803100585938e+01,2.108206176757812500e+01,7.054314136505126953e+00,5.990540981292724609e+00,1.018017425537109375e+02,6.768990325927734375e+01,8.120327758789062500e+01,1.022717132568359375e+02,7.509400177001953125e+01,8.579332733154296875e+01,9.388368988037109375e+01,7.727402496337890625e+01,7.813748931884765625e+01,0.000000000000000000e+00
4.359914779663085938e+01,1.432202720642089844e+01,1.386661720275878906e+01,2.057560157775878906e+01,1.169416904449462891e+01,7.011675357818603516e+00,1.024301147460937500e+02,6.823936462402343750e+01,8.576911926269531250e+01,1.007294311523437500e+02,7.507082366943359375e+01,8.716257476806640625e+01,9.185987854003906250e+01,7.601538085937500000e+01,7.747779846191406250e+01,0.000000000000000000e+00
1.041317081451416016e+01,3.335932922363281250e+01,2.293841934204101562e+01,1.686941146850585938e+01,6.000554084777832031e+00,4.080200195312500000e+00,1.096341171264648438e+02,5.849008941650390625e+01,6.905059051513671875e+01,1.040230941772460938e+02,7.204538726806640625e+01,7.732618713378906250e+01,9.194512176513671875e+01,7.673960113525390625e+01,6.887435913085937500e+01,0.000000000000000000e+00
3.558295440673828125e+01,4.739901351928710938e+01,3.475713348388671875e+01,1.259614562988281250e+01,1.162143588066101074e+00,7.009927272796630859e+00,1.328131866455078125e+02,3.311291122436523438e+01,5.991430664062500000e+01,1.267762832641601562e+02,4.230822372436523438e+01,7.250315856933593750e+01,1.129949569702148438e+02,4.030337142944335938e+01,7.105235290527343750e+01,0.000000000000000000e+00
3.504487991333007812e+01,5.448643493652343750e+01,3.572565078735351562e+01,1.203686714172363281e+01,1.001507401466369629e+00,4.221042633056640625e+00,1.331015167236328125e+02,3.982896423339843750e+01,3.957246780395507812e+01,1.278285293579101562e+02,4.609558105468750000e+01,4.479656600952148438e+01,1.170109939575195312e+02,3.715932846069335938e+01,4.048754501342773438e+01,0.000000000000000000e+00
4.100827026367187500e+01,6.456939697265625000e+01,3.120408248901367188e+01,9.869399070739746094e+00,1.700940370559692383e+00,2.573816299438476562e+00,1.615613555908203125e+02,2.345660781860351562e+01,1.898763465881347656e+01,1.586937103271484375e+02,3.117807006835937500e+01,1.690062904357910156e+01,1.466807861328125000e+02,2.825148963928222656e+01,4.786054611206054688e+00,0.000000000000000000e+00
2.113953018188476562e+01,5.993482971191406250e+01,6.698686981201171875e+01,1.376715564727783203e+01,4.695075988769531250e+00,6.072905063629150391e+00,7.609029388427734375e+01,8.341513824462890625e+01,1.590990352630615234e+01,1.073118362426757812e+02,5.432316207885742188e+01,2.689984703063964844e+01,1.315519866943359375e+02,2.505618858337402344e+01,1.791116523742675781e+01,0.000000000000000000e+00
4.293392181396484375e+01,5.472514343261718750e+01,3.830715179443359375e+01,1.230653476715087891e+01,1.775419950485229492e+00,4.294780731201171875e+00,1.290811309814453125e+02,3.802027893066406250e+01,1.344798278808593750e+01,1.539120941162109375e+02,1.339877891540527344e+01,2.093507957458496094e+01,1.611582794189453125e+02,3.250146150588989258e+00,1.582679843902587891e+01,0.000000000000000000e+00
4.018354034423828125e+01,5.791358947753906250e+01,3.073332595825195312e+01,1.084639739990234375e+01,8.413493633270263672e-01,2.262335777282714844e+00,1.536199188232421875e+02,2.541462707519531250e+01,2.453074073791503906e+01,1.534955139160156250e+02,3.019084739685058594e+01,2.274187660217285156e+01,1.437616729736328125e+02,2.814153671264648438e+01,1.314641833305358887e+00,0.000000000000000000e+00
3.822098922729492188e+01,4.685263442993164062e+01,2.971709632873535156e+01,1.152699375152587891e+01,1.740240335464477539e+00,5.281834125518798828e+00,1.237138900756835938e+02,4.222228240966796875e+01,5.196713638305664062e+01,1.205045623779296875e+02,4.546869659423828125e+01,5.969361877441406250e+01,1.073410644531250000e+02,4.493423843383789062e+01,5.058850097656250000e+01,0.000000000000000000e+00
3.604490661621093750e+01,4.151570892333984375e+01,2.681649398803710938e+01,1.211593246459960938e+01,2.532484769821166992e+00,6.481545448303222656e+00,1.223605422973632812e+02,3.940135574340820312e+01,5.929479598999023438e+01,1.159173889160156250e+02,4.942038726806640625e+01,6.618806457519531250e+01,9.922663879394531250e+01,5.016047668457031250e+01,6.232907485961914062e+01,0.000000000000000000e+00
3.314828109741210938e+01,3.705843353271484375e+01,2.655970001220703125e+01,1.429010677337646484e+01,3.996701240539550781e+00,5.704750537872314453e+00,1.175629959106445312e+02,4.340712738037109375e+01,6.565131378173828125e+01,1.091213531494140625e+02,5.812232971191406250e+01,6.389606475830078125e+01,9.343889617919921875e+01,6.246406173706054688e+01,5.804979705810546875e+01,0.000000000000000000e+00
4.191102981567382812e+01,1.500923442840576172e+01,6.523715972900390625e+00,2.262061119079589844e+01,1.502053546905517578e+01,5.899962902069091797e+00,9.761806488037109375e+01,5.781301879882812500e+01,7.667842102050781250e+01,9.197715759277343750e+01,7.073018646240234375e+01,8.141631317138671875e+01,8.368492889404296875e+01,7.094020843505859375e+01,7.054760742187500000e+01,0.000000000000000000e+00
3.824787902832031250e+01,1.328069114685058594e+01,1.081173419952392578e+01,2.235178947448730469e+01,9.237415313720703125e+00,4.135354995727539062e+00,9.791669464111328125e+01,5.643276596069335938e+01,7.791745758056640625e+01,9.580364227294921875e+01,7.482076263427734375e+01,7.875524139404296875e+01,8.752815246582031250e+01,7.082826995849609375e+01,7.297101593017578125e+01,0.000000000000000000e+00
3.532008361816406250e+01,9.723628044128417969e+00,7.722977638244628906e+00,1.877845001220703125e+01,1.047144508361816406e+01,3.717780828475952148e+00,1.016772460937500000e+02,6.405580139160156250e+01,7.763522338867187500e+01,9.738941955566406250e+01,8.230448913574218750e+01,7.811634826660156250e+01,8.784764099121093750e+01,7.664402008056640625e+01,7.331929779052734375e+01,0.000000000000000000e+00
3.682952880859375000e+01,1.017529678344726562e+01,1.027581310272216797e+01,1.825342369079589844e+01,7.602600097656250000e+00,1.825287461280822754e+00,1.020981292724609375e+02,5.963329696655273438e+01,8.111578369140625000e+01,1.003234024047851562e+02,8.041284942626953125e+01,8.033719635009765625e+01,9.166223907470703125e+01,7.298440551757812500e+01,7.587217712402343750e+01,0.000000000000000000e+00
3.729261016845703125e+01,1.110727882385253906e+01,7.671843528747558594e+00,1.924554634094238281e+01,7.060670852661132812e+00,7.266913056373596191e-01,1.009477920532226562e+02,6.269638824462890625e+01,8.371482086181640625e+01,1.011215438842773438e+02,8.790889739990234375e+01,7.648120880126953125e+01,9.455963897705078125e+01,7.687187957763671875e+01,7.792382812500000000e+01,0.000000000000000000e+00
3.446926498413085938e+01,1.080647277832031250e+01,1.438699054718017578e+01,1.847507667541503906e+01,8.960543632507324219e+00,2.130880832672119141e+00,1.009142074584960938e+02,6.578613281250000000e+01,8.134967803955078125e+01,1.011539230346679688e+02,8.583693695068359375e+01,7.580195617675781250e+01,9.402664947509765625e+01,7.617170715332031250e+01,7.421877288818359375e+01,0.000000000000000000e+00
3.162705612182617188e+01,9.391821861267089844e+00,1.137906265258789062e+01,1.730784034729003906e+01,5.258268356323242188e+00,2.142435550689697266e+00,9.972643280029296875e+01,6.729650878906250000e+01,7.285398101806640625e+01,1.019042663574218750e+02,8.500753021240234375e+01,7.043353271484375000e+01,9.442835998535156250e+01,7.835322570800781250e+01,6.800860595703125000e+01,0.000000000000000000e+00
3.373788833618164062e+01,1.102847003936767578e+01,1.292442035675048828e+01,1.717632293701171875e+01,4.090262889862060547e+00,3.252035140991210938e+00,9.887113952636718750e+01,6.281995391845703125e+01,7.507176971435546875e+01,1.043454895019531250e+02,8.797066497802734375e+01,6.817736053466796875e+01,9.803991699218750000e+01,7.772232055664062500e+01,7.516676330566406250e+01,0.000000000000000000e+00
2.823366165161132812e+01,1.275214576721191406e+01,1.359089660644531250e+01,1.958012962341308594e+01,2.491933584213256836e+00,1.242712020874023438e+00,1.007301254272460938e+02,6.703931427001953125e+01,7.248110961914062500e+01,1.050601272583007812e+02,9.101436614990234375e+01,6.697792816162109375e+01,9.877938842773437500e+01,7.962758636474609375e+01,7.417430114746093750e+01,0.000000000000000000e+00
2.538941574096679688e+01,1.153401660919189453e+01,1.698828315734863281e+01,2.040362930297851562e+01,2.238585472106933594e+00,1.149853587150573730e+00,1.016429672241210938e+02,6.566268920898437500e+01,6.898148345947265625e+01,1.055984115600585938e+02,8.683135223388671875e+01,6.694937896728515625e+01,9.921184539794921875e+01,7.495560455322265625e+01,7.519168090820312500e+01,0.000000000000000000e+00
2.242609024047851562e+01,1.497136020660400391e+01,5.658258056640625000e+01,2.364643287658691406e+01,5.746842384338378906e+00,1.959773898124694824e+00,1.060520935058593750e+02,5.718172073364257812e+01,6.845194244384765625e+01,1.150653533935546875e+02,7.113185119628906250e+01,7.266239166259765625e+01,1.155236816406250000e+02,6.011034011840820312e+01,8.556571960449218750e+01,0.000000000000000000e+00
2.550596237182617188e+01,1.746552276611328125e+01,6.494002532958984375e+01,2.021485710144042969e+01,3.421991348266601562e+00,1.985528826713562012e+00,1.105380401611328125e+02,5.510556793212890625e+01,7.007948303222656250e+01,1.242085037231445312e+02,6.293347549438476562e+01,8.214994049072265625e+01,1.295535736083984375e+02,5.228487014770507812e+01,9.569982910156250000e+01,0.000000000000000000e+00
2.908732414245605469e+01,1.785591316223144531e+01,7.626553344726562500e+01,1.981622886657714844e+01,3.252725601196289062e+00,3.009132623672485352e+00,1.122093200683593750e+02,5.328467941284179688e+01,7.029370117187500000e+01,1.264926757812500000e+02,6.203550338745117188e+01,8.126135253906250000e+01,1.321236267089843750e+02,5.373121643066406250e+01,9.129610443115234375e+01,0.000000000000000000e+00
3.036415672302246094e+01,1.728993797302246094e+01,5.012005615234375000e+01,1.969236373901367188e+01,3.259684085845947266e+00,3.532676219940185547e+00,1.119886932373046875e+02,5.249868011474609375e+01,6.959242248535156250e+01,1.279468460083007812e+02,5.873561477661132812e+01,8.116184234619140625e+01,1.337377929687500000e+02,4.901602554321289062e+01,9.083963775634765625e+01,0.000000000000000000e+00
2.990074157714843750e+01,1.869529342651367188e+01,6.588099670410156250e+01,2.021410942077636719e+01,5.016252040863037109e+00,2.425971508026123047e+00,1.145378570556640625e+02,4.875646591186523438e+01,6.734377288818359375e+01,1.309866027832031250e+02,5.565121841430664062e+01,8.432374572753906250e+01,1.364237823486328125e+02,4.847995376586914062e+01,9.751684570312500000e+01,0.000000000000000000e+00
2.744224166870117188e+01,1.548963928222656250e+01,4.291710662841796875e+01,1.934514427185058594e+01,2.636053562164306641e+00,2.631590366363525391e+00,1.095389862060546875e+02,5.443870544433593750e+01,7.055859375000000000e+01,1.260085678100585938e+02,5.941558837890625000e+01,8.096535491943359375e+01,1.324892425537109375e+02,4.858861541748046875e+01,9.514358520507812500e+01,0.000000000000000000e+00
2.695363807678222656e+01,2.001912689208984375e+01,4.731625747680664062e+01,2.081632995605468750e+01,2.817131757736206055e+00,1.997189044952392578e+00,1.079526596069335938e+02,5.797881317138671875e+01,7.203384399414062500e+01,1.243031463623046875e+02,6.308489227294921875e+01,7.757215881347656250e+01,1.316613769531250000e+02,5.066839981079101562e+01,9.206687164306640625e+01,0.000000000000000000e+00
2.696017456054687500e+01,2.105304336547851562e+01,6.662929534912109375e+01,2.143247985839843750e+01,2.023344516754150391e+00,2.150170326232910156e+00,1.072986450195312500e+02,6.209375762939453125e+01,7.094422912597656250e+01,1.237842025756835938e+02,6.505875396728515625e+01,7.682366943359375000e+01,1.311735839843750000e+02,5.206103134155273438e+01,9.259993743896484375e+01,0.000000000000000000e+00
2.838060569763183594e+01,2.108036231994628906e+01,6.598239898681640625e+01,2.184612464904785156e+01,2.273133516311645508e+00,3.508007049560546875e+00,1.069978179931640625e+02,6.398139572143554688e+01,7.341957092285156250e+01,1.229582748413085938e+02,6.843151092529296875e+01,7.497099304199218750e+01,1.304040527343750000e+02,5.548081970214843750e+01,9.035324096679687500e+01,0.000000000000000000e+00
2.676206970214843750e+01,2.294750785827636719e+01,5.925228881835937500e+01,1.714383506774902344e+01,1.529553890228271484e+00,2.750545024871826172e+00,1.106411590576171875e+02,5.872469711303710938e+01,6.832553100585937500e+01,1.249913406372070312e+02,6.558303070068359375e+01,7.303415679931640625e+01,1.303393554687500000e+02,5.815660476684570312e+01,8.297602844238281250e+01,0.000000000000000000e+00
3.002559661865234375e+01,1.836527442932128906e+01,2.713768005371093750e+01,2.126080513000488281e+01,2.370960950851440430e+00,5.393376827239990234e+00,1.107991790771484375e+02,6.424786376953125000e+01,6.867566680908203125e+01,1.213531799316406250e+02,7.082201385498046875e+01,6.756520080566406250e+01,1.265110092163085938e+02,6.470658874511718750e+01,7.598960876464843750e+01,0.000000000000000000e+00
2.466831016540527344e+01,2.152090644836425781e+01,5.282429885864257812e+01,2.114402389526367188e+01,4.711005210876464844e+00,4.917081832885742188e+00,1.037351074218750000e+02,6.938916778564453125e+01,7.650757598876953125e+01,1.199851455688476562e+02,6.938252258300781250e+01,7.305580902099609375e+01,1.282395172119140625e+02,6.151982879638671875e+01,8.167443084716796875e+01,0.000000000000000000e+00
2.536752700805664062e+01,2.418830299377441406e+01,5.726954650878906250e+01,1.910019874572753906e+01,2.407885551452636719e+00,3.722142696380615234e+00,1.072742004394531250e+02,6.722991943359375000e+01,6.754534912109375000e+01,1.225155944824218750e+02,6.684333801269531250e+01,6.658594512939453125e+01,1.298809356689453125e+02,5.920513534545898438e+01,7.442945098876953125e+01,0.000000000000000000e+00
2.786840057373046875e+01,2.105170249938964844e+01,4.495172119140625000e+01,1.650423812866210938e+01,2.282311916351318359e+00,3.158326864242553711e+00,1.051556396484375000e+02,7.102332305908203125e+01,6.964103698730468750e+01,1.204300994873046875e+02,7.094956970214843750e+01,6.717311096191406250e+01,1.271595687866210938e+02,6.411342620849609375e+01,7.268666839599609375e+01,0.000000000000000000e+00
3.076242065429687500e+01,2.021806335449218750e+01,5.275806045532226562e+01,1.585132503509521484e+01,1.909629225730895996e+00,3.890966415405273438e+00,1.039880905151367188e+02,7.135062408447265625e+01,6.955435943603515625e+01,1.186225204467773438e+02,7.090951538085937500e+01,6.901466369628906250e+01,1.246051406860351562e+02,6.469281768798828125e+01,7.477715301513671875e+01,0.000000000000000000e+00
3.096299552917480469e+01,1.911956024169921875e+01,4.154378890991210938e+01,1.612594413757324219e+01,3.418741703033447266e+00,4.248443603515625000e+00,1.017454299926757812e+02,7.358631896972656250e+01,7.266083526611328125e+01,1.176568222045898438e+02,7.284755706787109375e+01,7.292668914794921875e+01,1.236296920776367188e+02,6.755139160156250000e+01,7.899938964843750000e+01,0.000000000000000000e+00
3.076451110839843750e+01,1.770649909973144531e+01,4.381619262695312500e+01,1.725043869018554688e+01,4.233694553375244141e+00,3.464138031005859375e+00,1.021842117309570312e+02,7.221463775634765625e+01,7.147061157226562500e+01,1.179561309814453125e+02,7.208988189697265625e+01,7.481535339355468750e+01,1.215488433837890625e+02,6.813530731201171875e+01,7.960842895507812500e+01,0.000000000000000000e+00
3.410469436645507812e+01,1.711070251464843750e+01,4.988401031494140625e+01,1.620536994934082031e+01,3.238581895828247070e+00,3.831698894500732422e+00,1.021935729980468750e+02,7.146205902099609375e+01,6.980473327636718750e+01,1.162982177734375000e+02,7.226605224609375000e+01,7.420301818847656250e+01,1.194466094970703125e+02,6.791432952880859375e+01,7.909888458251953125e+01,0.000000000000000000e+00
3.885653305053710938e+01,1.215032196044921875e+01,1.491115665435791016e+01,1.716279602050781250e+01,2.971828937530517578e+00,5.116512775421142578e+00,9.944238281250000000e+01,7.229550170898437500e+01,7.910275268554687500e+01,1.069639511108398438e+02,7.721230316162109375e+01,8.239801788330078125e+01,1.057369232177734375e+02,7.213018035888671875e+01,8.200255584716796875e+01,0.000000000000000000e+00
3.551895904541015625e+01,9.814947128295898438e+00,1.279197311401367188e+01,1.673225593566894531e+01,1.727795124053955078e+00,4.834927558898925781e+00,9.983097839355468750e+01,6.875982666015625000e+01,8.487767791748046875e+01,1.013199081420898438e+02,7.849160766601562500e+01,8.656917572021484375e+01,9.456806945800781250e+01,7.696044921875000000e+01,7.726818084716796875e+01,0.000000000000000000e+00
2.201404762268066406e+01,1.647000312805175781e+01,5.917635917663574219e+00,1.726933670043945312e+01,1.562580704689025879e+00,2.159723758697509766e+00,9.746519470214843750e+01,6.734868621826171875e+01,8.495485687255859375e+01,9.567343902587890625e+01,8.092904663085937500e+01,8.382302856445312500e+01,8.770044708251953125e+01,7.842378997802734375e+01,7.768746948242187500e+01,0.000000000000000000e+00
1.275489902496337891e+01,2.406800079345703125e+01,6.303563117980957031e+00,1.844469642639160156e+01,1.865573406219482422e+00,4.409525394439697266e+00,9.509688568115234375e+01,6.741365051269531250e+01,8.491769409179687500e+01,9.155036926269531250e+01,8.152386474609375000e+01,8.418911743164062500e+01,8.232109069824218750e+01,7.958440399169921875e+01,7.777247619628906250e+01,0.000000000000000000e+00
1.560746192932128906e+01,3.664271926879882812e+01,2.110219573974609375e+01,1.602567481994628906e+01,7.826519608497619629e-01,3.446992874145507812e+00,9.590460205078125000e+01,6.817166137695312500e+01,8.045079803466796875e+01,9.017157745361328125e+01,8.428564453125000000e+01,7.889725494384765625e+01,7.975785064697265625e+01,8.442100524902343750e+01,7.091623687744140625e+01,0.000000000000000000e+00
2.229030799865722656e+01,4.009096527099609375e+01,2.052066421508789062e+01,1.328480339050292969e+01,3.675063371658325195e+00,9.738426208496093750e-01,9.793560028076171875e+01,6.213829040527343750e+01,7.611264038085937500e+01,9.098453521728515625e+01,7.965414428710937500e+01,7.662985992431640625e+01,8.102749633789062500e+01,8.109650421142578125e+01,6.690414428710937500e+01,0.000000000000000000e+00
2.168973731994628906e+01,3.288722991943359375e+01,3.867204284667968750e+01,3.079009819030761719e+01,5.954246520996093750e+01,3.276956558227539062e+01,6.685943603515625000e+01,5.664180755615234375e+01,4.064180374145507812e+01,7.098468780517578125e+01,6.390881347656250000e+01,4.415918350219726562e+01,6.370428466796875000e+01,5.756538009643554688e+01,3.457863235473632812e+01,0.000000000000000000e+00
4.042854690551757812e+01,1.589557933807373047e+01,2.875214767456054688e+01,2.526780128479003906e+01,5.577036857604980469e+00,9.999927520751953125e+00,9.061903381347656250e+01,7.730375671386718750e+01,6.626838684082031250e+01,9.653318023681640625e+01,7.876475524902343750e+01,7.303145599365234375e+01,9.744092559814453125e+01,6.890933227539062500e+01,6.878213500976562500e+01,0.000000000000000000e+00
4.487935256958007812e+01,1.672275161743164062e+01,2.452550125122070312e+01,3.120949935913085938e+01,4.950974941253662109e+00,8.661455154418945312e+00,9.506565856933593750e+01,7.552835845947265625e+01,7.864679718017578125e+01,9.798659515380859375e+01,7.624593353271484375e+01,8.418596649169921875e+01,9.692093658447265625e+01,7.054411315917968750e+01,7.708142089843750000e+01,0.000000000000000000e+00
3.474665069580078125e+01,9.469334602355957031e+00,9.291863441467285156e+00,3.150901794433593750e+01,7.502121448516845703e+00,4.694926738739013672e+00,1.046191558837890625e+02,7.086388397216796875e+01,6.336171340942382812e+01,1.054027175903320312e+02,7.855823516845703125e+01,6.857091522216796875e+01,9.569713592529296875e+01,7.795707702636718750e+01,6.504561614990234375e+01,0.000000000000000000e+00
3.481280136108398438e+01,1.273235893249511719e+01,1.053706932067871094e+01,2.122695732116699219e+01,6.174283981323242188e+00,3.367212057113647461e+00,1.031871414184570312e+02,6.691522979736328125e+01,7.027184295654296875e+01,1.039859008789062500e+02,7.790257263183593750e+01,7.457192230224609375e+01,9.573163604736328125e+01,8.130140686035156250e+01,7.024256896972656250e+01,0.000000000000000000e+00
3.773312377929687500e+01,1.169681167602539062e+01,1.247005939483642578e+01,2.042572784423828125e+01,9.113970756530761719e+00,5.470578670501708984e+00,1.022150497436523438e+02,6.453401184082031250e+01,7.568199920654296875e+01,1.019543991088867188e+02,7.771659851074218750e+01,7.834740447998046875e+01,9.357711029052734375e+01,7.930075073242187500e+01,7.386629486083984375e+01,0.000000000000000000e+00
3.719442749023437500e+01,1.215249919891357422e+01,1.547553348541259766e+01,1.940823173522949219e+01,1.251770973205566406e+01,5.000958442687988281e+00,1.030141296386718750e+02,6.451098632812500000e+01,7.703483581542968750e+01,1.016455612182617188e+02,7.980138397216796875e+01,7.607073211669921875e+01,9.188571929931640625e+01,7.888785552978515625e+01,7.197828674316406250e+01,0.000000000000000000e+00
3.251519012451171875e+01,1.406913852691650391e+01,1.979312896728515625e+01,1.880011177062988281e+01,1.219784641265869141e+01,5.322254180908203125e+00,1.038033218383789062e+02,6.406623077392578125e+01,7.792934417724609375e+01,1.017649383544921875e+02,7.993140411376953125e+01,7.253777313232421875e+01,9.106945037841796875e+01,7.645854187011718750e+01,6.854438018798828125e+01,0.000000000000000000e+00
3.303303909301757812e+01,1.261554431915283203e+01,1.180478477478027344e+01,2.258545494079589844e+01,3.494234323501586914e+00,4.524932861328125000e+00,1.017617874145507812e+02,6.827277374267578125e+01,7.000458526611328125e+01,1.026540832519531250e+02,7.988362121582031250e+01,7.231267547607421875e+01,9.636658477783203125e+01,8.101586151123046875e+01,6.926704406738281250e+01,0.000000000000000000e+00
3.296927642822265625e+01,1.975157546997070312e+01,4.677322769165039062e+01,2.204192543029785156e+01,5.860027313232421875e+00,7.612140178680419922e+00,9.440103149414062500e+01,8.041681671142578125e+01,7.609638214111328125e+01,1.040311660766601562e+02,8.399768829345703125e+01,7.739694976806640625e+01,1.052390213012695312e+02,8.102217864990234375e+01,7.846660614013671875e+01,0.000000000000000000e+00
3.273089218139648438e+01,2.607572174072265625e+01,5.421529006958007812e+01,2.294169807434082031e+01,1.110038185119628906e+01,1.006761550903320312e+01,9.129385375976562500e+01,8.560233306884765625e+01,7.926306152343750000e+01,1.045273895263671875e+02,8.329892730712890625e+01,8.090812683105468750e+01,1.096977005004882812e+02,7.753832244873046875e+01,8.182458496093750000e+01,0.000000000000000000e+00
3.265950012207031250e+01,2.752423286437988281e+01,5.774987030029296875e+01,2.341066551208496094e+01,1.180939006805419922e+01,1.098352146148681641e+01,9.352584838867187500e+01,8.357447814941406250e+01,7.803359222412109375e+01,1.057319946289062500e+02,8.232436370849609375e+01,7.981231689453125000e+01,1.093357925415039062e+02,7.649872589111328125e+01,8.072562408447265625e+01,0.000000000000000000e+00
3.752993011474609375e+01,2.867617607116699219e+01,5.944727706909179688e+01,2.321484756469726562e+01,1.063300704956054688e+01,1.230613803863525391e+01,9.428579711914062500e+01,8.290604400634765625e+01,8.076995086669921875e+01,1.041576919555664062e+02,8.327414703369140625e+01,8.101277923583984375e+01,1.075301437377929688e+02,7.772762298583984375e+01,8.325831604003906250e+01,0.000000000000000000e+00
3.403117752075195312e+01,2.454414367675781250e+01,3.521868896484375000e+01,3.010296249389648438e+01,8.350081443786621094e+00,9.125361442565917969e+00,9.282076263427734375e+01,7.795484924316406250e+01,7.808991241455078125e+01,1.016113357543945312e+02,8.278050231933593750e+01,7.847182464599609375e+01,1.015382003784179688e+02,7.790786743164062500e+01,8.092810821533203125e+01,0.000000000000000000e+00
3.525076675415039062e+01,1.539030075073242188e+01,3.041457748413085938e+01,1.872656440734863281e+01,3.047167539596557617e+00,4.591273784637451172e+00,1.027979125976562500e+02,6.862136077880859375e+01,7.809978485107421875e+01,1.072910537719726562e+02,7.511791992187500000e+01,8.004145812988281250e+01,1.021183319091796875e+02,7.505941772460937500e+01,7.939017486572265625e+01,0.000000000000000000e+00
3.632285690307617188e+01,1.369662952423095703e+01,2.507241249084472656e+01,1.689308738708496094e+01,3.039778470993041992e+00,3.636695146560668945e+00,1.035373382568359375e+02,6.736658477783203125e+01,7.698317718505859375e+01,1.075805053710937500e+02,7.486193847656250000e+01,7.879248046875000000e+01,1.012420578002929688e+02,7.504326629638671875e+01,7.654176330566406250e+01,0.000000000000000000e+00
3.571624374389648438e+01,1.258990097045898438e+01,3.413972091674804688e+01,1.535386753082275391e+01,3.049466848373413086e+00,4.361536502838134766e+00,1.048575057983398438e+02,6.710415649414062500e+01,8.148691558837890625e+01,1.088483200073242188e+02,7.350555419921875000e+01,8.172605895996093750e+01,1.018762969970703125e+02,7.430132293701171875e+01,7.816772460937500000e+01,0.000000000000000000e+00
3.640297698974609375e+01,1.186330890655517578e+01,2.365904426574707031e+01,1.564544582366943359e+01,3.097305536270141602e+00,3.979089736938476562e+00,1.048327560424804688e+02,6.635871887207031250e+01,7.814019012451171875e+01,1.087091217041015625e+02,7.287350463867187500e+01,7.812534332275390625e+01,1.013778381347656250e+02,7.428184509277343750e+01,7.414414978027343750e+01,0.000000000000000000e+00
3.723429870605468750e+01,1.189537715911865234e+01,2.376248168945312500e+01,1.656393814086914062e+01,3.251216888427734375e+00,4.002305507659912109e+00,1.029887466430664062e+02,6.858396911621093750e+01,7.865114593505859375e+01,1.061471099853515625e+02,7.497206115722656250e+01,8.118383026123046875e+01,9.910479736328125000e+01,7.762718200683593750e+01,7.749201965332031250e+01,0.000000000000000000e+00
3.781445693969726562e+01,1.272939968109130859e+01,2.501062965393066406e+01,1.694964599609375000e+01,3.063374519348144531e+00,4.213742733001708984e+00,1.024977035522460938e+02,6.831624603271484375e+01,7.789313507080078125e+01,1.051933212280273438e+02,7.540590667724609375e+01,7.866481781005859375e+01,9.831127929687500000e+01,7.748688507080078125e+01,7.565499877929687500e+01,0.000000000000000000e+00
3.789530181884765625e+01,1.338408279418945312e+01,2.962036705017089844e+01,2.000904083251953125e+01,3.843752622604370117e+00,2.917181491851806641e+00,1.014585952758789062e+02,7.246523284912109375e+01,7.770217895507812500e+01,1.072602310180664062e+02,7.792990875244140625e+01,7.990971374511718750e+01,1.044121704101562500e+02,7.765550231933593750e+01,8.402871704101562500e+01,0.000000000000000000e+00
3.384486389160156250e+01,1.576680946350097656e+01,3.424255371093750000e+01,2.002479743957519531e+01,4.691263675689697266e+00,2.487191438674926758e+00,9.843608856201171875e+01,7.458331298828125000e+01,6.976018524169921875e+01,1.066593475341796875e+02,7.934175109863281250e+01,7.617455291748046875e+01,1.040221328735351562e+02,7.927767944335937500e+01,8.021142578125000000e+01,0.000000000000000000e+00
3.835410308837890625e+01,2.331081199645996094e+01,4.885243606567382812e+01,2.198261642456054688e+01,7.348782539367675781e+00,3.087955236434936523e+00,9.547914123535156250e+01,7.953863525390625000e+01,7.111783599853515625e+01,1.075202636718750000e+02,8.043255615234375000e+01,7.599042510986328125e+01,1.117200851440429688e+02,7.459342193603515625e+01,8.106470489501953125e+01,0.000000000000000000e+00
3.363792800903320312e+01,2.579500579833984375e+01,5.256654357910156250e+01,2.310000228881835938e+01,1.040837287902832031e+01,3.711334228515625000e+00,9.582806396484375000e+01,7.622821044921875000e+01,7.438393402099609375e+01,1.118218460083007812e+02,7.665151977539062500e+01,7.744991302490234375e+01,1.164138488769531250e+02,7.366207122802734375e+01,8.012052917480468750e+01,0.000000000000000000e+00
3.221128463745117188e+01,2.720425224304199219e+01,6.210208511352539062e+01,2.043986892700195312e+01,7.783375263214111328e+00,3.207609176635742188e+00,9.481720733642578125e+01,7.718583679199218750e+01,6.357440567016601562e+01,1.129405136108398438e+02,7.439735412597656250e+01,6.707730865478515625e+01,1.192973709106445312e+02,7.093547058105468750e+01,7.062389373779296875e+01,0.000000000000000000e+00
3.579604721069335938e+01,3.120479774475097656e+01,6.913096618652343750e+01,1.906838226318359375e+01,3.888697385787963867e+00,2.823076486587524414e+00,9.364646911621093750e+01,7.912409973144531250e+01,5.877949523925781250e+01,1.142766342163085938e+02,7.177938079833984375e+01,6.485844421386718750e+01,1.212732925415039062e+02,6.655850982666015625e+01,6.980899810791015625e+01,0.000000000000000000e+00
3.580742263793945312e+01,3.225670242309570312e+01,6.086214447021484375e+01,1.768924522399902344e+01,1.522372126579284668e+00,3.059998273849487305e+00,9.379615020751953125e+01,7.761142730712890625e+01,4.729450988769531250e+01,1.171067352294921875e+02,6.920468902587890625e+01,5.883615875244140625e+01,1.282038879394531250e+02,6.133060073852539062e+01,6.915454864501953125e+01,0.000000000000000000e+00
3.815953063964843750e+01,3.483721923828125000e+01,6.445439910888671875e+01,1.865998077392578125e+01,1.742957472801208496e+00,2.374356985092163086e+00,9.319286346435546875e+01,7.674977874755859375e+01,3.845656204223632812e+01,1.192967834472656250e+02,6.468820190429687500e+01,5.332029342651367188e+01,1.291585235595703125e+02,5.671892929077148438e+01,6.377638626098632812e+01,0.000000000000000000e+00
3.749921035766601562e+01,3.874715423583984375e+01,7.667982482910156250e+01,1.898686599731445312e+01,1.279867172241210938e+00,3.069900035858154297e+00,9.472306823730468750e+01,7.258103942871093750e+01,3.177548599243164062e+01,1.243858108520507812e+02,5.594107818603515625e+01,4.762839508056640625e+01,1.371915893554687500e+02,4.336912918090820312e+01,5.356248092651367188e+01,0.000000000000000000e+00
3.824415206909179688e+01,4.394264984130859375e+01,7.397260284423828125e+01,1.965147018432617188e+01,1.444533228874206543e+00,1.203809738159179688e+00,9.626233673095703125e+01,6.780519866943359375e+01,2.526101112365722656e+01,1.263615264892578125e+02,5.215785980224609375e+01,4.379751586914062500e+01,1.402658233642578125e+02,3.735731887817382812e+01,4.911771774291992188e+01,0.000000000000000000e+00
3.687797927856445312e+01,5.018705368041992188e+01,6.873342132568359375e+01,1.954619216918945312e+01,1.178032755851745605e+00,1.645359873771667480e+00,9.663932037353515625e+01,6.583692932128906250e+01,1.838874244689941406e+01,1.303397369384765625e+02,4.685396194458007812e+01,3.215174484252929688e+01,1.426040039062500000e+02,3.356414413452148438e+01,3.589497375488281250e+01,0.000000000000000000e+00
3.656809616088867188e+01,5.578163146972656250e+01,6.531996154785156250e+01,2.223712921142578125e+01,2.190118551254272461e+00,4.239911437034606934e-01,1.038345260620117188e+02,5.727620315551757812e+01,1.378506469726562500e+01,1.349955139160156250e+02,3.993023681640625000e+01,2.451254463195800781e+01,1.446875305175781250e+02,2.839501953125000000e+01,2.335343551635742188e+01,0.000000000000000000e+00
3.525400924682617188e+01,4.174264907836914062e+01,7.440077209472656250e+01,2.189453887939453125e+01,2.175416946411132812e+00,2.590597867965698242e+00,7.224317169189453125e+01,9.302166748046875000e+01,2.318764877319335938e+01,1.147837753295898438e+02,6.244910049438476562e+01,3.844718551635742188e+01,1.265428237915039062e+02,5.111529541015625000e+01,3.608752059936523438e+01,0.000000000000000000e+00
3.072755622863769531e+01,3.044563865661621094e+01,8.821294403076171875e+01,2.021667098999023438e+01,1.931152462959289551e+00,4.158915519714355469e+00,6.926124572753906250e+01,1.003629684448242188e+02,3.624619674682617188e+01,1.006398468017578125e+02,8.068019104003906250e+01,4.962149047851562500e+01,1.089534988403320312e+02,7.535420227050781250e+01,5.469459533691406250e+01,0.000000000000000000e+00
2.769924354553222656e+01,2.869857597351074219e+01,9.346212768554687500e+01,1.961319160461425781e+01,2.162845373153686523e+00,4.007086277008056641e+00,7.659307098388671875e+01,9.354156494140625000e+01,3.847588348388671875e+01,1.063119125366210938e+02,7.614864349365234375e+01,5.068560028076171875e+01,1.149416275024414062e+02,7.031712341308593750e+01,5.623491668701171875e+01,0.000000000000000000e+00
2.333802795410156250e+01,2.945802307128906250e+01,9.650590515136718750e+01,2.021311569213867188e+01,2.142989635467529297e+00,3.863628625869750977e+00,8.002431488037109375e+01,8.819504547119140625e+01,3.964383697509765625e+01,1.088475494384765625e+02,7.275373840332031250e+01,5.337356948852539062e+01,1.201132202148437500e+02,6.438327026367187500e+01,6.115269470214843750e+01,0.000000000000000000e+00
2.345054244995117188e+01,2.257043647766113281e+01,9.665518951416015625e+01,2.140347480773925781e+01,1.242842793464660645e+00,5.166927337646484375e+00,8.539334869384765625e+01,8.103030395507812500e+01,4.332398605346679688e+01,1.100434265136718750e+02,7.329660034179687500e+01,5.520225906372070312e+01,1.189097213745117188e+02,6.689147949218750000e+01,6.276647949218750000e+01,0.000000000000000000e+00
1.997649192810058594e+01,1.820284080505371094e+01,9.227098083496093750e+01,1.919417190551757812e+01,3.910074710845947266e+00,6.791093826293945312e+00,8.557928466796875000e+01,8.693465423583984375e+01,5.430940628051757812e+01,1.031032333374023438e+02,8.395298767089843750e+01,5.366747283935546875e+01,1.133182907104492188e+02,7.478475952148437500e+01,5.711149597167968750e+01,0.000000000000000000e+00
1.960328292846679688e+01,1.877277183532714844e+01,9.566978454589843750e+01,1.973109054565429688e+01,3.513314008712768555e+00,5.013755798339843750e+00,8.425023651123046875e+01,8.922825622558593750e+01,5.327406692504882812e+01,1.035289382934570312e+02,8.657247924804687500e+01,5.483867263793945312e+01,1.122963714599609375e+02,8.198152160644531250e+01,5.977248001098632812e+01,0.000000000000000000e+00
2.032375907897949219e+01,1.911087226867675781e+01,1.039408798217773438e+02,2.077257919311523438e+01,3.424393415451049805e+00,6.472773075103759766e+00,8.273590087890625000e+01,8.881078338623046875e+01,5.373923110961914062e+01,1.031447525024414062e+02,8.558232116699218750e+01,5.702810287475585938e+01,1.127923736572265625e+02,8.155178070068359375e+01,6.294661712646484375e+01,0.000000000000000000e+00
2.047177505493164062e+01,2.110298538208007812e+01,1.037124404907226562e+02,2.154689407348632812e+01,3.158861637115478516e+00,6.970034122467041016e+00,8.201379394531250000e+01,8.655109405517578125e+01,5.243259811401367188e+01,1.059052734375000000e+02,8.004538726806640625e+01,5.809144210815429688e+01,1.159385299682617188e+02,7.524533843994140625e+01,6.381718826293945312e+01,0.000000000000000000e+00
2.035922431945800781e+01,2.206527900695800781e+01,1.045264968872070312e+02,2.082311820983886719e+01,3.381129503250122070e+00,7.124707221984863281e+00,8.248372650146484375e+01,8.658038330078125000e+01,5.147405624389648438e+01,1.075043258666992188e+02,7.791057586669921875e+01,5.822035598754882812e+01,1.174293441772460938e+02,7.278774261474609375e+01,6.436545562744140625e+01,0.000000000000000000e+00
2.003787994384765625e+01,1.735182380676269531e+01,9.319664764404296875e+01,1.993582916259765625e+01,4.297490119934082031e+00,8.064841270446777344e+00,8.279978179931640625e+01,8.702526092529296875e+01,5.461244201660156250e+01,1.038667831420898438e+02,8.121753692626953125e+01,5.762115859985351562e+01,1.142778396606445312e+02,7.271736907958984375e+01,6.088221740722656250e+01,0.000000000000000000e+00
2.101515197753906250e+01,1.654638099670410156e+01,7.550079345703125000e+01,1.753446388244628906e+01,3.886133432388305664e+00,5.269880771636962891e+00,8.865522766113281250e+01,8.302012634277343750e+01,5.416915512084960938e+01,1.077335968017578125e+02,7.911284637451171875e+01,5.540924072265625000e+01,1.170908813476562500e+02,7.183838653564453125e+01,6.174440765380859375e+01,0.000000000000000000e+00
2.285814857482910156e+01,1.822781562805175781e+01,7.556304931640625000e+01,1.909468841552734375e+01,4.869066238403320312e+00,4.592448234558105469e+00,9.062060546875000000e+01,8.306674957275390625e+01,5.925001907348632812e+01,1.064744949340820312e+02,8.059952545166015625e+01,5.969170761108398438e+01,1.152320480346679688e+02,7.210607147216796875e+01,6.615203857421875000e+01,0.000000000000000000e+00
2.493492126464843750e+01,1.804095458984375000e+01,6.961553955078125000e+01,1.806457710266113281e+01,4.214555740356445312e+00,4.422428131103515625e+00,9.471383666992187500e+01,7.936596679687500000e+01,6.556372833251953125e+01,1.090671615600585938e+02,7.748869323730468750e+01,6.454387664794921875e+01,1.131066741943359375e+02,7.383164978027343750e+01,6.567550659179687500e+01,0.000000000000000000e+00
2.828672218322753906e+01,1.827670478820800781e+01,6.506980133056640625e+01,1.842285156250000000e+01,5.209628582000732422e+00,3.861316442489624023e+00,9.604573059082031250e+01,7.794382476806640625e+01,6.830348205566406250e+01,1.113365554809570312e+02,7.519007873535156250e+01,6.973713684082031250e+01,1.151219635009765625e+02,7.230704498291015625e+01,7.201667022705078125e+01,0.000000000000000000e+00
2.659838485717773438e+01,1.819538497924804688e+01,4.935441589355468750e+01,1.612895202636718750e+01,4.485382556915283203e+00,2.830132961273193359e+00,9.809845733642578125e+01,7.696901702880859375e+01,6.851951599121093750e+01,1.143080825805664062e+02,7.451009368896484375e+01,7.018711090087890625e+01,1.187313156127929688e+02,7.001240539550781250e+01,7.346913146972656250e+01,0.000000000000000000e+00
3.083996009826660156e+01,1.945907402038574219e+01,4.913134765625000000e+01,1.852326583862304688e+01,6.318814277648925781e+00,2.714708328247070312e+00,9.500809478759765625e+01,7.838643646240234375e+01,6.397314071655273438e+01,1.111597747802734375e+02,7.697251892089843750e+01,7.242635345458984375e+01,1.144514312744140625e+02,7.429689025878906250e+01,7.596351623535156250e+01,0.000000000000000000e+00
3.245512771606445312e+01,1.900751304626464844e+01,5.679180526733398438e+01,1.941511344909667969e+01,6.554104804992675781e+00,3.778532028198242188e+00,9.136843109130859375e+01,8.185105895996093750e+01,6.346600341796875000e+01,1.057225494384765625e+02,8.135848999023437500e+01,7.158673858642578125e+01,1.080657730102539062e+02,7.891566467285156250e+01,7.527668762207031250e+01,0.000000000000000000e+00
3.105356025695800781e+01,2.051499557495117188e+01,4.449530792236328125e+01,1.773648834228515625e+01,4.531179428100585938e+00,2.139077663421630859e+00,9.776038360595703125e+01,7.657157897949218750e+01,6.594201660156250000e+01,1.125471572875976562e+02,7.650662231445312500e+01,7.106667327880859375e+01,1.158871078491210938e+02,7.340650939941406250e+01,7.557777404785156250e+01,0.000000000000000000e+00
3.379029846191406250e+01,2.543011474609375000e+01,6.742113494873046875e+01,1.930908393859863281e+01,3.004670858383178711e+00,1.459555983543395996e+00,1.069717178344726562e+02,6.434833526611328125e+01,6.979810333251953125e+01,1.212473220825195312e+02,6.566176605224609375e+01,7.186827850341796875e+01,1.276073226928710938e+02,5.672666931152343750e+01,8.663556671142578125e+01,0.000000000000000000e+00
2.878009414672851562e+01,1.936105537414550781e+01,6.557312011718750000e+01,2.494589805603027344e+01,3.985132217407226562e+00,6.137007713317871094e+00,1.146600418090820312e+02,4.862882232666015625e+01,7.556707000732421875e+01,1.299746856689453125e+02,5.746327590942382812e+01,7.600195312500000000e+01,1.362021484375000000e+02,4.645621490478515625e+01,9.178438568115234375e+01,0.000000000000000000e+00
2.128680992126464844e+01,4.557958221435546875e+01,7.666999053955078125e+01,2.894265365600585938e+01,6.070349812507629395e-01,1.974255084991455078e+00,1.284567871093750000e+02,2.460647010803222656e+01,5.915004730224609375e+01,1.436071472167968750e+02,3.896753692626953125e+01,9.513346862792968750e+01,1.452025756835937500e+02,2.973727798461914062e+01,1.189914703369140625e+02,0.000000000000000000e+00
1.427908515930175781e+01,1.601765251159667969e+01,7.864723968505859375e+01,2.071702194213867188e+01,3.082846641540527344e+00,3.769619941711425781e+00,1.178776779174804688e+02,5.257849121093750000e+01,1.038135528564453125e+02,1.346183929443359375e+02,9.304804229736328125e+01,7.210882568359375000e+01,1.337274780273437500e+02,9.604550933837890625e+01,7.657721710205078125e+01,0.000000000000000000e+00
6.655294895172119141e+00,4.625593948364257812e+01,7.656990051269531250e+01,5.378592681884765625e+01,4.593354415893554688e+01,6.404857635498046875e+01,1.142723846435546875e+02,1.604175758361816406e+01,1.613175659179687500e+02,1.237691802978515625e+02,1.067015075683593750e+02,5.302869415283203125e+01,1.132400207519531250e+02,7.577529144287109375e+01,7.702569580078125000e+01,0.000000000000000000e+00
4.790013790130615234e+00,4.909020233154296875e+01,6.770770263671875000e+01,6.047463989257812500e+01,3.185191535949707031e+01,6.993492126464843750e+01,1.127622070312500000e+02,2.517801094055175781e+01,1.596829071044921875e+02,1.203958435058593750e+02,9.878382110595703125e+01,5.999720764160156250e+01,1.093460845947265625e+02,6.988147735595703125e+01,8.177666473388671875e+01,0.000000000000000000e+00
3.529156446456909180e+00,1.067774429321289062e+02,3.123263740539550781e+01,8.204929351806640625e+01,3.561400222778320312e+01,2.300333213806152344e+01,1.277113494873046875e+02,2.744233322143554688e+01,4.977762985229492188e+01,1.319431152343750000e+02,4.192912673950195312e+01,4.898845672607421875e+01,1.276458892822265625e+02,3.706414031982421875e+01,3.208611679077148438e+01,0.000000000000000000e+00
1.289379787445068359e+01,5.091725158691406250e+01,2.940784263610839844e+01,5.592221450805664062e+01,4.958205413818359375e+01,1.426112270355224609e+01,6.500189971923828125e+01,2.125150871276855469e+01,1.790343475341796875e+01,7.648039245605468750e+01,1.191468505859375000e+02,2.239417648315429688e+01,8.519219207763671875e+01,6.867058563232421875e+01,3.232014083862304688e+01,0.000000000000000000e+00
3.515743255615234375e+01,3.601671600341796875e+01,4.180161285400390625e+01,5.204624176025390625e+01,9.703465270996093750e+01,1.235049343109130859e+01,2.723786163330078125e+01,1.049450969696044922e+01,1.267089843750000000e+01,3.344434738159179688e+01,1.361837768554687500e+02,2.241575241088867188e+01,7.091912078857421875e+01,1.240201110839843750e+02,2.312248802185058594e+01,0.000000000000000000e+00
3.962778854370117188e+01,4.103893280029296875e+01,4.664173889160156250e+01,5.770550537109375000e+01,1.729416656494140625e+01,1.419119739532470703e+01,1.951654052734375000e+01,1.113953475952148438e+02,5.253861999511718750e+01,5.043885040283203125e+01,1.104092254638671875e+02,4.113571548461914062e+01,8.476092529296875000e+01,1.009734115600585938e+02,3.890970230102539062e+01,0.000000000000000000e+00
3.533237075805664062e+01,5.269142150878906250e+01,4.821273040771484375e+01,5.336808776855468750e+01,3.699567556381225586e+00,5.531475543975830078e+00,3.804945755004882812e+01,8.992143249511718750e+01,5.598431777954101562e+01,6.759223175048828125e+01,8.820766448974609375e+01,5.192459487915039062e+01,9.162236785888671875e+01,6.606420135498046875e+01,5.721495437622070312e+01,0.000000000000000000e+00
3.843127822875976562e+01,5.313185882568359375e+01,5.223913955688476562e+01,6.182898712158203125e+01,6.180471897125244141e+00,4.413222312927246094e+00,2.919471549987792969e+01,9.360791015625000000e+01,5.662502670288085938e+01,6.025885772705078125e+01,9.386688232421875000e+01,5.040380859375000000e+01,8.633811950683593750e+01,7.287018585205078125e+01,5.972970199584960938e+01,0.000000000000000000e+00
3.699448394775390625e+01,5.167310714721679688e+01,5.242986297607421875e+01,5.499594879150390625e+01,4.427946567535400391e+00,6.418226718902587891e+00,3.665926361083984375e+01,9.132237243652343750e+01,5.715748214721679688e+01,6.513735961914062500e+01,9.353656005859375000e+01,5.087634277343750000e+01,8.814437866210937500e+01,7.644408416748046875e+01,5.670932769775390625e+01,0.000000000000000000e+00
3.145704841613769531e+01,2.842057991027832031e+01,4.405150985717773438e+01,4.875315475463867188e+01,2.584879493713378906e+01,1.447797393798828125e+01,1.726270675659179688e+01,9.264701843261718750e+00,1.327028751373291016e+01,4.071138381958007812e+01,1.075172653198242188e+02,4.258451080322265625e+01,8.056122589111328125e+01,1.062200164794921875e+02,3.371374511718750000e+01,0.000000000000000000e+00
2.966661643981933594e+01,3.259609985351562500e+01,3.424102783203125000e+01,5.439453125000000000e+01,1.016390991210937500e+02,1.654536247253417969e+01,2.449580001831054688e+01,2.320082664489746094e+00,5.602554798126220703e+00,1.836705207824707031e+01,1.449441070556640625e+02,1.924452018737792969e+01,5.877505111694335938e+01,1.181717300415039062e+02,1.950495338439941406e+01,0.000000000000000000e+00
2.751865959167480469e+01,3.841040039062500000e+01,3.230655670166015625e+01,5.261774063110351562e+01,7.990664958953857422e+00,3.043000459671020508e+00,2.432510757446289062e+01,1.430927276611328125e+02,2.116537284851074219e+01,1.530464649200439453e+01,1.432923278808593750e+02,1.342363071441650391e+01,5.692808532714843750e+01,1.237879943847656250e+02,3.776285648345947266e+00,0.000000000000000000e+00
2.948492240905761719e+01,2.728022956848144531e+01,3.909046173095703125e+01,4.424155807495117188e+01,7.578444004058837891e+00,1.620442032814025879e+00,3.482565307617187500e+01,1.615013427734375000e+02,1.169926834106445312e+01,2.008737564086914062e+01,1.443576812744140625e+02,1.267229843139648438e+01,6.656864929199218750e+01,1.158259124755859375e+02,2.870543718338012695e+00,0.000000000000000000e+00
3.028995704650878906e+01,2.010282897949218750e+01,3.531100845336914062e+01,4.214349746704101562e+01,1.389001011848449707e+00,1.362004041671752930e+00,4.342219924926757812e+01,1.535614929199218750e+02,1.131445026397705078e+01,2.135195350646972656e+01,1.452524566650390625e+02,1.254543304443359375e+01,5.133612823486328125e+01,1.259485626220703125e+02,3.286132335662841797e+00,0.000000000000000000e+00
2.972526359558105469e+01,2.034893226623535156e+01,3.655770111083984375e+01,4.106181335449218750e+01,1.989260673522949219e+00,1.521479368209838867e+00,4.549876022338867188e+01,1.478766174316406250e+02,1.344364547729492188e+01,3.114896774291992188e+01,1.381579437255859375e+02,1.345418453216552734e+01,5.919619750976562500e+01,1.163379898071289062e+02,4.101453781127929688e+00,0.000000000000000000e+00
2.920382308959960938e+01,2.081988143920898438e+01,3.543492889404296875e+01,4.084304428100585938e+01,2.255499362945556641e+00,1.285858869552612305e+00,3.766106033325195312e+01,1.545914611816406250e+02,1.154518222808837891e+01,2.216195106506347656e+01,1.409110412597656250e+02,1.422983074188232422e+01,6.005152130126953125e+01,1.199557495117187500e+02,4.716723918914794922e+00,0.000000000000000000e+00
2.784246826171875000e+01,2.496523094177246094e+01,3.253680419921875000e+01,3.983095932006835938e+01,2.638325452804565430e+00,1.027585506439208984e+00,4.975331497192382812e+01,1.421474914550781250e+02,1.720088195800781250e+01,3.830967712402343750e+01,1.339474792480468750e+02,1.457557773590087891e+01,5.846131134033203125e+01,1.190817871093750000e+02,5.271567821502685547e+00,0.000000000000000000e+00
2.829658126831054688e+01,2.220967292785644531e+01,2.840251159667968750e+01,4.037483596801757812e+01,1.470702767372131348e+00,1.871922254562377930e+00,7.692214965820312500e+01,1.161595993041992188e+02,2.957513046264648438e+01,7.625383758544921875e+01,1.040118484497070312e+02,2.788521575927734375e+01,6.066207122802734375e+01,1.068896179199218750e+02,1.317438125610351562e+01,0.000000000000000000e+00
2.717766380310058594e+01,2.784303855895996094e+01,3.725478363037109375e+01,4.270077896118164062e+01,7.889542579650878906e-01,1.426565051078796387e+00,7.451965332031250000e+01,1.174134597778320312e+02,3.525869750976562500e+01,7.194065856933593750e+01,1.116105728149414062e+02,3.550443649291992188e+01,5.581605529785156250e+01,1.156295776367187500e+02,1.736873817443847656e+01,0.000000000000000000e+00
2.923505210876464844e+01,2.497568702697753906e+01,3.219171905517578125e+01,4.539146041870117188e+01,2.380775928497314453e+00,1.259333491325378418e+00,5.932774353027343750e+01,1.367030181884765625e+02,2.702230072021484375e+01,4.418738937377929688e+01,1.367195434570312500e+02,2.296598052978515625e+01,1.657384300231933594e+01,1.525370330810546875e+02,1.219137954711914062e+01,0.000000000000000000e+00
3.086624908447265625e+01,3.676064682006835938e+01,2.685166549682617188e+01,5.638753509521484375e+01,1.099928855895996094e+01,4.375340461730957031e+00,2.284025001525878906e+01,6.211801528930664062e+00,1.964165449142456055e+00,8.870674133300781250e+00,1.545426025390625000e+02,1.307967758178710938e+01,4.356870651245117188e+01,1.321249847412109375e+02,1.389094829559326172e+01,0.000000000000000000e+00
3.508497619628906250e+01,3.127680015563964844e+01,3.308162689208984375e+01,4.897989654541015625e+01,8.954173278808593750e+01,1.464439582824707031e+01,2.234006881713867188e+01,4.700649738311767578e+00,1.165251731872558594e+01,3.677049636840820312e+01,1.158183517456054688e+02,3.724237060546875000e+01,7.542245483398437500e+01,9.719495391845703125e+01,4.139837646484375000e+01,0.000000000000000000e+00
3.408253479003906250e+01,4.236427688598632812e+01,4.263140487670898438e+01,5.499932861328125000e+01,6.228469371795654297e+00,6.317268848419189453e+00,3.263354110717773438e+01,9.303428649902343750e+01,4.724682235717773438e+01,6.137974548339843750e+01,9.238205718994140625e+01,4.572765350341796875e+01,8.777382659912109375e+01,7.254621124267578125e+01,4.850747299194335938e+01,0.000000000000000000e+00
3.755870437622070312e+01,4.660585403442382812e+01,3.578151321411132812e+01,5.529468154907226562e+01,5.092228412628173828e+00,6.557450771331787109e+00,3.407080841064453125e+01,9.438800048828125000e+01,5.221249008178710938e+01,6.409207153320312500e+01,9.180666351318359375e+01,4.803890991210937500e+01,8.906738281250000000e+01,7.220545196533203125e+01,5.358739471435546875e+01,0.000000000000000000e+00
4.965615081787109375e+01,4.991757202148437500e+01,2.318394279479980469e+01,5.849785995483398438e+01,8.966405868530273438e+00,3.293684244155883789e+00,4.691930389404296875e+01,9.035544586181640625e+01,5.667721939086914062e+01,7.481964111328125000e+01,8.659896850585937500e+01,5.257100296020507812e+01,9.388627624511718750e+01,7.218954467773437500e+01,6.381003570556640625e+01,0.000000000000000000e+00
5.885978317260742188e+01,5.024282836914062500e+01,5.735410213470458984e+00,3.736162948608398438e+01,6.112259864807128906e+00,4.965739250183105469e+00,6.042249298095703125e+01,7.572622680664062500e+01,5.229604339599609375e+01,8.472132873535156250e+01,7.885321807861328125e+01,4.211642456054687500e+01,9.581770324707031250e+01,6.929534912109375000e+01,3.865338897705078125e+01,0.000000000000000000e+00
4.244084167480468750e+01,4.693387603759765625e+01,7.886960506439208984e+00,3.437496948242187500e+01,6.797751426696777344e+00,1.019556522369384766e+01,7.635881805419921875e+01,8.375078582763671875e+01,5.071329116821289062e+01,9.169344329833984375e+01,7.960909271240234375e+01,4.922010421752929688e+01,9.655377960205078125e+01,7.442982482910156250e+01,4.714619445800781250e+01,0.000000000000000000e+00
4.718870925903320312e+01,4.438189315795898438e+01,1.394395828247070312e+01,3.948373794555664062e+01,6.061107635498046875e+00,1.063523864746093750e+01,7.340599060058593750e+01,8.615016937255859375e+01,5.318260574340820312e+01,8.655867004394531250e+01,8.388339996337890625e+01,5.367223739624023438e+01,9.245872497558593750e+01,7.533982849121093750e+01,4.791559219360351562e+01,0.000000000000000000e+00
2.928522109985351562e+01,1.092533588409423828e+01,8.646350860595703125e+00,1.772607231140136719e+01,2.906391620635986328e+00,3.452712774276733398e+00,9.747753143310546875e+01,6.957834625244140625e+01,7.192584228515625000e+01,1.032341918945312500e+02,8.287557220458984375e+01,7.007198333740234375e+01,9.802393341064453125e+01,7.691165924072265625e+01,7.820326232910156250e+01,0.000000000000000000e+00
3.504776382446289062e+01,1.272069740295410156e+01,3.401066303253173828e+00,1.670229148864746094e+01,3.529314279556274414e+00,2.479919672012329102e+00,9.996117401123046875e+01,6.802714538574218750e+01,6.685632324218750000e+01,1.070048446655273438e+02,7.834750366210937500e+01,6.898638916015625000e+01,1.036898498535156250e+02,7.387741088867187500e+01,7.611407470703125000e+01,0.000000000000000000e+00
3.078919601440429688e+01,1.059534931182861328e+01,1.136897754669189453e+01,1.809599494934082031e+01,6.654123783111572266e+00,1.863692522048950195e+00,9.417967987060546875e+01,7.885794067382812500e+01,6.964802551269531250e+01,9.888397216796875000e+01,8.851251220703125000e+01,6.875506591796875000e+01,9.348484802246093750e+01,8.498494720458984375e+01,7.118801116943359375e+01,0.000000000000000000e+00
1.899149131774902344e+01,9.124971389770507812e+00,1.199776840209960938e+01,2.147788810729980469e+01,1.303986549377441406e+01,2.163304567337036133e+00,8.290418243408203125e+01,9.316043853759765625e+01,5.577978515625000000e+01,8.491708374023437500e+01,1.058960189819335938e+02,5.260959243774414062e+01,7.959982299804687500e+01,9.820127105712890625e+01,5.664999008178710938e+01,0.000000000000000000e+00
1.743143272399902344e+01,6.589788913726806641e+00,3.210073709487915039e+00,1.921560287475585938e+01,6.703510761260986328e+00,3.829869031906127930e+00,7.525567626953125000e+01,8.219866943359375000e+01,6.069556045532226562e+01,8.149639129638671875e+01,1.102223434448242188e+02,4.697276687622070312e+01,7.770392608642578125e+01,9.486808776855468750e+01,5.728146362304687500e+01,0.000000000000000000e+00
1.558457756042480469e+01,9.001865386962890625e+00,1.350460624694824219e+01,1.796305465698242188e+01,7.754116535186767578e+00,1.606711030006408691e+00,7.365404510498046875e+01,8.517951965332031250e+01,4.677054214477539062e+01,7.785987854003906250e+01,1.018222808837890625e+02,4.561970901489257812e+01,7.220367431640625000e+01,8.427902221679687500e+01,5.960305023193359375e+01,0.000000000000000000e+00
1.333173370361328125e+01,1.105169105529785156e+01,1.241191577911376953e+01,1.918842124938964844e+01,5.630401611328125000e+00,3.561973333358764648e+00,7.491960144042968750e+01,9.033702087402343750e+01,4.416815185546875000e+01,8.074677276611328125e+01,1.015051498413085938e+02,3.933285903930664062e+01,7.482286071777343750e+01,9.022627258300781250e+01,4.683144760131835938e+01,0.000000000000000000e+00
1.769584083557128906e+01,1.464759159088134766e+01,2.310731697082519531e+01,2.040299797058105469e+01,5.883913516998291016e+00,3.178925752639770508e+00,7.443226623535156250e+01,7.803979492187500000e+01,3.891824722290039062e+01,8.041625976562500000e+01,9.310230255126953125e+01,3.578969955444335938e+01,7.432705688476562500e+01,8.418252563476562500e+01,4.375257110595703125e+01,0.000000000000000000e+00
2.743071556091308594e+01,1.405348491668701172e+01,2.869090843200683594e+01,2.111060333251953125e+01,4.410988330841064453e+00,4.139325618743896484e+00,7.613345336914062500e+01,9.581282043457031250e+01,4.741420364379882812e+01,8.012062072753906250e+01,1.071522445678710938e+02,4.198266983032226562e+01,7.504491424560546875e+01,9.932487487792968750e+01,4.110454177856445312e+01,0.000000000000000000e+00
3.005055236816406250e+01,1.776880645751953125e+01,3.544665527343750000e+01,2.166204643249511719e+01,2.766200065612792969e+00,3.812559843063354492e+00,7.738671112060546875e+01,9.996351623535156250e+01,4.770171737670898438e+01,7.949346160888671875e+01,1.091070251464843750e+02,4.490659713745117188e+01,7.350384521484375000e+01,1.036521377563476562e+02,3.879906082153320312e+01,0.000000000000000000e+00
2.174278259277343750e+01,9.454887390136718750e+00,1.632990074157714844e+01,1.452565574645996094e+01,6.872265815734863281e+00,4.038721561431884766e+00,8.026618194580078125e+01,7.595809173583984375e+01,5.085074615478515625e+01,8.441362762451171875e+01,8.743595886230468750e+01,4.517753219604492188e+01,7.828404235839843750e+01,7.223703765869140625e+01,4.954545593261718750e+01,0.000000000000000000e+00
2.253302001953125000e+01,1.224304676055908203e+01,1.388498401641845703e+01,2.524020195007324219e+01,1.141897010803222656e+01,4.909005165100097656e+00,8.673138427734375000e+01,7.918751525878906250e+01,6.425942993164062500e+01,8.990520477294921875e+01,9.545226287841796875e+01,5.524892807006835938e+01,8.330928039550781250e+01,8.857717132568359375e+01,6.196511077880859375e+01,0.000000000000000000e+00
3.172983741760253906e+01,1.290087699890136719e+01,3.206315231323242188e+01,2.854582023620605469e+01,1.785659551620483398e+00,8.398407936096191406e+00,9.833061981201171875e+01,6.782585906982421875e+01,7.596162414550781250e+01,1.053247222900390625e+02,7.701499938964843750e+01,6.945600128173828125e+01,1.032447967529296875e+02,7.000344848632812500e+01,7.867526245117187500e+01,0.000000000000000000e+00
3.400253295898437500e+01,1.327594757080078125e+01,1.074247741699218750e+01,2.152768898010253906e+01,3.668922185897827148e+00,3.290460586547851562e+00,9.787087249755859375e+01,6.958592224121093750e+01,7.378443145751953125e+01,9.916385650634765625e+01,7.983161163330078125e+01,7.464425659179687500e+01,9.385055541992187500e+01,7.828651428222656250e+01,7.180503845214843750e+01,0.000000000000000000e+00
1.375074005126953125e+01,3.376952362060546875e+01,1.900582885742187500e+01,1.743929481506347656e+01,1.066234302520751953e+01,5.879151344299316406e+00,1.040550537109375000e+02,6.279806137084960938e+01,6.942489624023437500e+01,9.975920867919921875e+01,7.700874328613281250e+01,7.233676910400390625e+01,9.126261901855468750e+01,7.633939361572265625e+01,6.348601531982421875e+01,0.000000000000000000e+00
6.866219997406005859e+00,2.557314872741699219e+01,1.708993530273437500e+01,1.495387363433837891e+01,6.147318363189697266e+00,4.484960556030273438e+00,1.029113464355468750e+02,6.280681610107421875e+01,7.694942474365234375e+01,9.838641357421875000e+01,7.577969360351562500e+01,7.993374633789062500e+01,8.984848785400390625e+01,7.241175079345703125e+01,6.528487396240234375e+01,0.000000000000000000e+00
2.054282951354980469e+01,4.446100234985351562e+01,3.096872711181640625e+01,1.484290313720703125e+01,3.762012004852294922e+00,2.992535114288330078e+00,1.008109893798828125e+02,6.870355224609375000e+01,6.917779541015625000e+01,9.748976135253906250e+01,8.035483551025390625e+01,7.400918579101562500e+01,9.095208740234375000e+01,7.867305755615234375e+01,6.639592742919921875e+01,0.000000000000000000e+00
2.311643218994140625e+01,3.936123275756835938e+01,3.415907669067382812e+01,1.166365146636962891e+01,7.074370384216308594e-01,2.984232902526855469e+00,1.095347213745117188e+02,5.312227249145507812e+01,6.100438308715820312e+01,1.039462356567382812e+02,6.795372009277343750e+01,7.379887390136718750e+01,9.783000183105468750e+01,6.495466613769531250e+01,6.774048614501953125e+01,0.000000000000000000e+00
2.722354888916015625e+01,4.291941070556640625e+01,4.105521774291992188e+01,9.666892051696777344e+00,2.974091172218322754e-01,2.685280084609985352e+00,1.299640350341796875e+02,3.741844177246093750e+01,4.658815383911132812e+01,1.279720840454101562e+02,4.402005004882812500e+01,5.701547622680664062e+01,1.209885635375976562e+02,3.866479492187500000e+01,4.661304855346679688e+01,0.000000000000000000e+00
2.456636238098144531e+01,4.079957962036132812e+01,4.034374237060546875e+01,8.580812454223632812e+00,1.389136552810668945e+00,1.793609619140625000e+00,1.387763061523437500e+02,3.601242828369140625e+01,3.025877571105957031e+01,1.390136108398437500e+02,3.969887924194335938e+01,3.429670715332031250e+01,1.319890594482421875e+02,3.490140533447265625e+01,2.598762702941894531e+01,0.000000000000000000e+00
3.204665756225585938e+01,3.686449050903320312e+01,3.245983505249023438e+01,1.104217243194580078e+01,1.202636137604713440e-01,1.138036131858825684e+00,1.382973327636718750e+02,4.093628692626953125e+01,1.843959045410156250e+01,1.541824188232421875e+02,2.876773071289062500e+01,2.071480751037597656e+01,1.545559234619140625e+02,1.798408889770507812e+01,6.939873218536376953e+00,0.000000000000000000e+00
3.135278892517089844e+01,3.616226959228515625e+01,3.015213966369628906e+01,1.079419994354248047e+01,1.229398727416992188e+00,1.158541321754455566e+00,1.420140686035156250e+02,3.948338699340820312e+01,1.979145240783691406e+01,1.562734375000000000e+02,2.855917358398437500e+01,1.840370178222656250e+01,1.597677154541015625e+02,1.601625442504882812e+01,5.329938411712646484e+00,0.000000000000000000e+00
3.546828842163085938e+01,6.501150512695312500e+01,2.886975860595703125e+01,9.060635566711425781e+00,3.372607946395874023e+00,4.770205497741699219e+00,1.231073226928710938e+02,5.283283615112304688e+01,1.859464836120605469e+01,1.376388549804687500e+02,3.272132110595703125e+01,2.907002639770507812e+01,1.367025756835937500e+02,3.205533218383789062e+01,1.968740081787109375e+01,0.000000000000000000e+00
3.332414245605468750e+01,6.070766067504882812e+01,4.458320236206054688e+01,3.410795688629150391e+00,4.233137130737304688e+00,5.064814567565917969e+00,1.111510620117187500e+02,5.599201965332031250e+01,2.413648796081542969e+01,1.249580078125000000e+02,3.948622894287109375e+01,3.490926361083984375e+01,1.248569564819335938e+02,4.352816390991210938e+01,2.880787277221679688e+01,0.000000000000000000e+00
4.828226470947265625e+01,3.276717758178710938e+01,5.273487091064453125e+01,1.247980690002441406e+01,6.245762348175048828e+00,4.677095890045166016e+00,8.216117095947265625e+01,5.310169982910156250e+01,4.260219192504882812e+01,8.697557067871093750e+01,5.824681854248046875e+01,3.098975563049316406e+01,8.841251373291015625e+01,4.185289382934570312e+01,4.320331573486328125e+01,0.000000000000000000e+00
3.914408874511718750e+01,2.326917457580566406e+01,4.969026947021484375e+01,1.501429080963134766e+01,6.867357254028320312e+00,2.528020620346069336e+00,9.238836669921875000e+01,5.252523040771484375e+01,4.267768478393554688e+01,9.360195159912109375e+01,5.260395431518554688e+01,3.182291793823242188e+01,9.513921356201171875e+01,3.688432312011718750e+01,3.788232040405273438e+01,0.000000000000000000e+00
3.757362747192382812e+01,2.005654525756835938e+01,4.361017227172851562e+01,1.449106693267822266e+01,2.008330106735229492e+00,1.414512395858764648e+00,9.690703582763671875e+01,5.800777053833007812e+01,5.462105560302734375e+01,1.021034317016601562e+02,5.205675888061523438e+01,5.730520629882812500e+01,1.069998016357421875e+02,3.519091415405273438e+01,5.555819320678710938e+01,0.000000000000000000e+00
4.240527343750000000e+01,2.219910812377929688e+01,4.107986068725585938e+01,8.695886611938476562e+00,8.996372222900390625e-01,3.755905151367187500e+00,9.647380065917968750e+01,8.301144409179687500e+01,5.951240921020507812e+01,9.387062835693359375e+01,8.393894195556640625e+01,7.206758880615234375e+01,9.706221771240234375e+01,8.043925476074218750e+01,5.513420486450195312e+01,0.000000000000000000e+00
4.675275421142578125e+01,2.024688339233398438e+01,4.707000732421875000e+01,9.179774284362792969e+00,1.584312677383422852e+00,3.452985048294067383e+00,9.355863189697265625e+01,7.006710815429687500e+01,5.079934692382812500e+01,9.878039550781250000e+01,6.643148803710937500e+01,6.869304656982421875e+01,1.041039886474609375e+02,5.534519958496093750e+01,6.543900299072265625e+01,0.000000000000000000e+00
4.621662521362304688e+01,2.153170204162597656e+01,5.330503082275390625e+01,1.491631031036376953e+01,1.917645215988159180e+00,2.984923362731933594e+00,9.248966979980468750e+01,7.253662872314453125e+01,5.147843170166015625e+01,9.458648681640625000e+01,7.223555755615234375e+01,6.853699493408203125e+01,9.770502471923828125e+01,6.272290420532226562e+01,6.235424804687500000e+01,0.000000000000000000e+00
